redirects,not_indexed_by_google,certificate_age,email_submission,request_url_percentage,url_anchor_percentage,meta_percentage,script_percentage,link_percentage,use_iframe,has_suspicious_port,external_favicons,TTL,ip_address_count,check_sfh,count_domain_occurrences,page_rank_decimal,is_malicious
1,0,0,0,0,0.592178771,0,0.424242424,0.575757576,0,0,0,30,1,0,189,5.07,0
1,0,0,0,0,0,0,0.5,0.5,0,1,0,30,2,0.5,0,2.77,1
0,0,0,0,0,0,0,0.666666667,0.333333333,0,1,1,30,2,0,0,0,1
0,0,-88,0,0,0,0,0.35,0.65,0,0,0,30,1,0,221,5.14,0
1,0,0,0,0,0,0,0.333333333,0.666666667,0,1,2,5,1,0,80,5.47,0
0,0,-145,0,1,0,0,0,0,0,1,0,30,1,0,0,5.25,0
1,0,0,0,0,0,0,0.294117647,0.705882353,1,1,1,20,2,0,0,4.63,0
0,0,-316,0,0,0.416666667,0,0.622222222,0.377777778,1,1,1,30,3,0,15,5.36,0
0,0,-266,0,0,0,0,0.583333333,0.416666667,0,0,0,30,1,0.5,37,4.46,0
1,0,0,0,0,0,0,0.25,0.75,1,1,0,30,3,0,4,8.17,1
1,0,-284,0,0,0,0,0.615384615,0.384615385,1,1,1,30,5,0,7,4.94,0
0,0,-318,0,0,0.25,0,0.266666667,0.733333333,1,1,5,30,4,0.5,141,5.03,0
0,0,-32,0,0,0.976744186,0,0.361111111,0.638888889,0,1,0,30,2,0,127,4.91,0
0,0,0,0,0,0,0,0.689922481,0.310077519,1,1,0,30,1,0,390,5.1,0
1,0,0,0,0,0,0,0.681818182,0.318181818,1,1,1,30,2,0,0,3.4,0
0,0,0,0,0,0.068181818,0,0.307692308,0.692307692,0,0,0,30,1,0,134,2.89,0
1,0,-83,1,0,0,0,0.8,0.2,0,1,0,30,1,0.5,155,4.78,0
0,0,-390,0,0,0,0,0.434782609,0.565217391,1,1,1,30,1,0,138,5.23,0
1,0,-60,0,0,0,0,0.333333333,0.666666667,1,1,0,30,2,1,224,4.3,0
0,0,-163,0,0,0.066666667,0,0.666666667,0.333333333,0,1,0,29,3,0,29,3.99,0
3,0,0,0,0,0,0,0.472222222,0.527777778,0,1,5,30,2,0,7,3.21,1
1,0,-47,0,0,0,0,0.625,0.375,0,1,0,30,1,0.5,339,4.5,0
0,0,-343,0,0,0,0,0.5,0.5,0,0,1,30,1,0,1,5.05,0
0,0,-66,0,0,0,0,0.411764706,0.588235294,0,1,0,30,1,0,13,3.63,0
0,0,-85,0,0,0,0,0.333333333,0.666666667,0,1,1,30,1,0.5,77,5.28,0
0,0,-176,0,0,0.16091954,0,0.428571429,0.571428571,1,0,1,30,1,0,10,5.33,0
2,0,0,0,0,0.232142857,0,0.6,0.4,1,0,0,29,1,0.5,10,4.61,0
0,0,0,0,0,0,0,0.75,0.25,0,1,0,29,1,0,36,5.07,0
0,0,0,0,0,0.058823529,0,0.5,0.5,0,0,0,30,1,0,6,5.04,0
0,0,0,0,0,0.916666667,0,0.75,0.25,0,1,1,30,1,0,12,0,1
3,0,-294,0,0,0.827586207,0,0.782608696,0.217391304,1,1,1,28,3,0,7,5.12,0
1,0,0,0,0,0,0,0.764705882,0.235294118,0,0,0,30,1,0,8,4.21,0
1,0,-40,0,0,0,0,0.357142857,0.642857143,1,1,0,30,1,0.5,13,5.72,0
0,0,-51,0,0,0,0,1,0,0,1,0,30,1,0,0,4.88,0
2,0,0,0,0,0,0,0.240506329,0.759493671,1,1,1,30,1,0.5,0,4.35,1
0,0,-58,0,0,0.213675214,0,0.4,0.6,1,1,3,30,1,0,219,5.01,0
0,0,-71,0,0,0.370967742,0,0.25,0.75,0,0,0,30,1,0.5,60,5.57,0
0,0,-62,0,0,0.263565891,0,0.263157895,0.736842105,0,1,2,30,2,0,71,5.33,0
0,0,-116,0,1,0,0,1,0,1,1,0,30,4,0,0,4.04,0
0,0,0,0,1,0,0,0,0,0,0,0,29,1,0,0,4.8,0
3,0,0,0,0,0,0,0.333333333,0.666666667,1,1,1,30,2,0,0,3.25,0
1,0,-286,0,0,0.243589744,0,0.263157895,0.736842105,1,1,3,29,2,0,0,5.25,0
0,0,-50,0,0,0,0,0.255319149,0.744680851,1,0,5,29,1,0,369,3.98,0
3,0,0,0,0,0,0,0.5,0.5,1,1,2,29,2,0,3,6.6,0
0,0,-283,0,0,0,0,0.454545455,0.545454545,1,1,0,28,3,0,129,4.88,0
3,0,-198,0,1,0,0,0,1,0,1,0,30,1,0,0,5.19,0
1,0,-34,0,0,0,0.066666667,0.333333333,0.6,0,1,4,19,2,0,3,5.19,0
0,0,-90,0,0,0,0,0.4375,0.5625,0,1,1,30,2,0,5,5,0
0,0,-200,0,0,0,0,0.608695652,0.391304348,0,1,1,30,4,0.5,16,6.31,0
0,0,-307,0,0,0.159663866,0,0.479166667,0.520833333,0,1,0,30,1,0,499,5.07,0
0,0,0,0,0,0,0,0,0,0,1,0,30,1,0,3,0,1
1,0,0,0,0,0,0,0.5,0.5,0,1,0,30,2,0.5,0,0,1
0,0,0,0,0,0.083333333,0,0.32,0.68,0,0,0,30,1,0,44,5,0
0,0,-65,0,0,0.142857143,0,0.333333333,0.666666667,0,0,0,30,1,0,15,5.09,0
0,0,-105,0,1,0,0,0.739726027,0.260273973,0,1,4,30,2,0,3,4.24,0
0,0,0,0,1,0,0,0,0,0,1,0,30,1,0,0,3.12,0
0,0,-11,0,0,0,0,0.461538462,0.538461538,1,1,1,30,1,0.5,2,4.7,0
0,0,-36,0,0,0,0,0.208333333,0.791666667,1,0,0,30,1,0,162,5.23,0
1,0,0,0,1,0,0,0,0,0,1,0,30,4,0,0,4.94,0
0,0,-297,0,0,0.846153846,0,0,0,0,1,0,30,3,0,8,5.25,0
1,0,0,0,0,0,0,0.526315789,0.473684211,0,0,2,27,1,0.5,7,5.24,0
0,0,-309,0,0,0,0,0.533333333,0.466666667,1,1,2,4,3,0.5,3,5.59,0
2,0,0,0,1,0,0,0.333333333,0.666666667,0,1,2,8,3,0,2,4.63,0
3,0,-74,0,0,0.084269663,0,0.4375,0.5625,1,1,0,28,2,0,806,5.34,0
2,0,0,0,1,0,0,0.428571429,0.571428571,0,1,0,30,2,0.5,0,4.14,0
2,0,-287,0,0,0,0,0.25,0.75,0,1,3,26,1,0.5,0,0,1
0,0,-38,0,0,0.018181818,0,0.5,0.5,0,0,0,30,1,0,1,5.02,0
1,0,0,0,1,0,0,0,0,0,0,0,5,1,0,0,0,1
3,0,0,0,0,0,0,0.68115942,0.31884058,0,1,3,30,1,0.5,593,4.23,1
0,0,0,0,0,0.93902439,0,0.7,0.3,0,1,0,30,10,0,15,4.04,0
1,0,-306,0,0,0,0,0.470588235,0.529411765,1,0,4,28,1,1,0,3.57,0
1,0,-343,0,0,0,0,0.366666667,0.633333333,1,0,0,29,1,0,126,5.15,0
1,0,0,0,0,0,0,0.183333333,0.816666667,0,1,6,30,2,0,0,5.37,0
0,0,0,0,1,0,0,0.333333333,0.666666667,0,1,1,30,1,0,0,0,1
1,0,-66,0,0,0,0,0.277777778,0.722222222,1,1,0,30,1,0,117,4.07,0
0,0,-38,0,0,0,0,0.557377049,0.442622951,0,0,5,30,1,0.5,5,5.64,0
1,0,-242,0,0,0,0,0.5,0.5,1,1,1,30,1,0,20,5.11,0
0,0,-337,1,0,0,0,0.25,0.75,1,1,1,20,2,0.5,8,5.24,0
1,0,-333,0,0,0.5,0,0.6,0.4,0,1,1,19,2,0,1,3.52,0
1,0,0,0,0,0,0,0.5,0.5,1,0,0,29,1,0,2,5.29,0
1,0,-48,0,0,0,0,0.066666667,0.933333333,0,1,2,28,2,0,3,3.54,0
1,0,0,0,1,0,0,0.571428571,0.428571429,0,0,1,30,1,0,4,4.95,0
1,0,-76,0,0,0,0,0.24137931,0.75862069,1,1,1,30,1,0,4,5.03,0
0,0,-305,0,0,0,0,1,0,0,1,0,29,3,0,4,3.97,0
3,0,-106,0,0,0,0,0.217391304,0.782608696,1,0,2,28,1,1,6,4.29,0
1,0,-16,0,0,0,0,0.5,0.5,1,1,1,19,3,0,3,5,0
0,0,-102,0,0,0,0,0,1,0,1,0,30,1,0,2,6.45,0
2,0,-44,0,0,0.165577342,0,0.565217391,0.434782609,1,1,1,29,1,0,0,5.27,0
0,0,-292,0,0,0,0,0.769230769,0.230769231,0,1,0,29,1,0,2,5.31,0
0,0,-255,0,0,0,0,0.380952381,0.619047619,1,1,0,29,2,0.5,420,4.83,0
0,0,-39,0,0,0.041666667,0,0.379310345,0.620689655,1,0,0,30,1,0,166,5.29,0
4,0,0,0,0,0,0,0.7,0.3,0,1,1,29,3,0.5,0,5.32,0
1,0,0,0,1,0,0,0.5,0.5,0,1,0,30,2,0,0,4.25,0
4,0,0,0,0,0,0,0.636363636,0.363636364,1,1,1,29,4,0,0,4.14,0
1,0,0,0,0,0,0,0.5,0.5,0,0,0,25,1,0,7,4.88,0
1,0,-47,0,0,0.180555556,0,0.75,0.25,1,1,0,30,2,0,99,4.7,0
0,0,-50,0,0,0,0,0.260869565,0.739130435,0,0,5,29,1,0,63,3.98,0
1,0,-82,0,0,0,0,0.4,0.6,0,1,3,30,2,0,66,5.51,0
1,0,-105,0,0,0,0,0.142857143,0.857142857,1,1,4,30,1,0,35,5.37,0
1,0,-86,0,0,0,0,0.175,0.825,0,0,2,27,1,0,45,5.03,0
0,0,-33,0,1,0,0,0.079365079,0.920634921,0,1,0,30,2,0,62,4.85,0
1,0,-280,0,0,0.256410256,0,0.666666667,0.333333333,1,1,1,30,2,0,32,3.95,0
1,0,0,0,0,0.829015544,0,0.285714286,0.714285714,0,0,3,26,2,0,0,4.9,0
2,0,0,0,0,0,0,0.355555556,0.644444444,0,1,1,27,1,0.5,0,3.05,0
1,0,-186,0,0,0,0,0.166666667,0.833333333,1,1,1,20,1,0,29,5.98,0
1,0,-133,0,1,0,0,0.461538462,0.538461538,1,1,1,11,4,0,0,5.88,0
1,0,0,0,0,0,0,0.266666667,0.733333333,0,1,1,30,1,0.5,9,5.23,0
1,0,-234,0,0,0.264150943,0,0.5,0.5,1,0,1,26,1,0,98,3.32,0
1,0,-75,0,0,0,0,0.148148148,0.851851852,1,0,3,29,1,0,3,5.18,0
1,0,0,0,0,0,0,0.636363636,0.363636364,0,1,0,30,3,0.5,31,5.72,0
0,0,-311,0,0,0,0,0.5,0.5,1,1,3,30,4,0,49,5.57,0
1,0,-78,0,0,0,0,0.166666667,0.833333333,0,1,6,30,2,0,0,4.76,0
2,0,0,0,0,0.139534884,0,0.390243902,0.609756098,0,1,0,30,1,1,109,3.59,1
7,0,0,0,0,0.06557377,0,0.47826087,0.52173913,0,1,1,17,1,0,25,5.92,0
2,0,-66,0,0,0,0,0.366666667,0.633333333,1,0,1,26,1,0.5,0,4.91,0
0,0,-67,0,0,0,0,0.818181818,0.181818182,1,1,0,30,1,0,393,5.04,0
2,0,-223,0,0,0.882758621,0,0.75,0.25,0,1,1,30,12,0,51,4.98,0
2,0,-378,1,0,0,0,0.6,0.4,1,1,3,29,1,0.5,22,5.1,0
2,0,0,0,0,0.462962963,0,0.413461538,0.586538462,1,1,0,30,1,0,279,4.35,0
0,0,-60,0,0,0,0,0.263157895,0.736842105,1,1,4,20,1,0,24,6.29,0
0,0,0,0,1,0,0,0,0,0,0,0,29,1,0,0,5.14,0
0,0,-261,0,0,0,0,0.8,0.2,0,1,1,30,8,0,0,5.38,0
1,0,0,0,1,0,0,0.5,0.5,0,1,0,30,2,0,0,2.52,1
0,0,-250,0,0,0,0,0.666666667,0.333333333,1,1,1,28,1,0,15,5.03,0
0,0,-214,0,1,0,0,0,0,0,1,0,20,1,0,0,6.61,0
0,0,-51,0,0,0,0,0.071428571,0.928571429,1,1,2,30,1,0,272,4.28,0
0,0,-72,0,0,0,0,0.333333333,0.666666667,0,1,0,30,2,0,3,5.25,0
0,0,-253,0,0,0,0,0.322580645,0.677419355,1,1,0,30,3,0,53,4.84,0
0,0,-55,0,1,0,0,0,1,0,0,0,30,1,0,0,5.41,0
2,0,0,0,0,0.696759259,0,0.3,0.7,0,1,4,14,2,0,5,4.9,0
1,0,-226,0,0,0,0,0,0,0,0,0,30,1,0,4,4.98,0
1,0,-48,0,0,0,0,0.625,0.375,0,1,0,30,1,0.5,73,4.78,0
2,0,0,0,1,0,0,0.285714286,0.714285714,0,0,1,27,1,0,0,4.9,0
0,0,-52,0,0,0,0,0.764705882,0.235294118,1,1,1,30,1,0.5,2,5.22,0
0,0,-84,0,0,0.047619048,0,0.666666667,0.333333333,0,1,0,19,2,0,49,5.71,0
0,0,-63,0,0,0,0,0.5,0.5,1,1,2,16,1,0,3,5.65,0
1,0,-30,0,0,0.5,0,0.095238095,0.904761905,0,1,1,29,1,0,0,4.72,0
0,0,-143,0,0,0.23255814,0,0.349206349,0.650793651,1,1,3,21,2,0,165,5.04,0
0,0,0,0,0,0,0,1,0,0,1,0,30,1,0,1,0,1
0,0,0,0,1,0,0,0.5,0.5,0,0,1,29,1,0,1,0,1
0,0,-86,0,0,0,0,0.516129032,0.483870968,0,1,0,30,2,0.5,121,5.28,0
1,0,0,0,0,0,0,0.216216216,0.783783784,0,0,1,30,1,0,6,5.06,0
1,0,0,0,0,0.111111111,0,0.045454545,0.954545455,0,1,7,20,2,0,0,5.27,0
1,0,0,0,0,0.045454545,0,0.375,0.625,0,0,0,29,1,0,175,4.19,0
0,0,-22,0,0,0,0,0.4375,0.5625,1,1,0,30,1,0,447,5.46,0
2,0,0,0,0,0.152173913,0,0.542857143,0.457142857,0,1,0,27,1,0,13,3.35,1
0,0,-55,0,0,0,0,0.314606742,0.685393258,0,1,0,30,4,0.5,156,4.97,0
0,0,-190,0,0,0,0,0.636363636,0.363636364,1,1,1,26,2,0.5,25,5.11,0
0,0,0,0,0,0,0,0.75,0.25,0,1,1,30,1,0,0,0,1
0,0,-67,0,1,0,0,0.8,0.2,0,1,0,30,3,0,4,4.93,0
0,0,0,0,1,0,0,0.333333333,0.666666667,0,1,1,30,1,0,0,0,1
1,0,-213,0,0,0.232876712,0,0.341463415,0.658536585,0,0,0,30,1,0,138,4.54,0
2,0,-76,0,0,0,0,0.525,0.475,0,0,1,30,2,0,22,5.04,0
0,0,-146,0,0,0.944444444,0,0.551724138,0.448275862,0,1,0,29,2,0,230,4.37,0
1,0,-73,0,0,0,0,0.384615385,0.615384615,1,1,5,30,1,0,14,5.1,0
0,0,0,0,0,0.024793388,0,0.296296296,0.703703704,0,0,0,29,1,0,504,5.25,0
2,0,-235,0,0,0,0,0.4,0.6,1,1,1,30,4,0,0,5.12,0
1,0,0,0,0,0,0,0.75,0.25,0,1,1,30,1,0,0,0,1
0,0,-336,0,0,0.973684211,0,0.4375,0.5625,1,1,0,29,4,0,51,4.92,0
3,0,-33,0,0,0.97037037,0,0.384615385,0.615384615,1,1,2,28,2,0,319,5.71,0
0,0,-277,0,0,0,0,0.380952381,0.619047619,1,1,2,30,2,0.5,25,4.95,0
1,0,-53,0,0,0,0,0.541176471,0.458823529,1,1,0,30,1,0,512,5.92,0
2,0,0,0,0,0.449541284,0,0.253731343,0.746268657,0,1,7,30,2,0.5,283,5.96,0
0,0,0,0,1,0,0,0,0,0,1,0,30,1,0,1,2.37,1
0,0,-346,0,0,0,0,0.4,0.6,1,1,0,30,1,0,209,5.08,0
2,0,0,0,0,0,0,0.666666667,0.333333333,0,0,0,30,1,0.5,58,4.23,0
0,0,-77,0,0,0,0,0.041666667,0.958333333,1,1,2,30,1,0,119,5.89,0
0,0,-284,0,0,0.05313093,0,0.941176471,0.058823529,0,1,0,30,3,0.5,574,5.12,0
1,0,-179,0,0,0,0,0.130434783,0.869565217,0,1,1,20,1,0,292,5.73,0
1,0,-143,0,0,0.115151515,0,0.421052632,0.578947368,1,1,2,30,1,0,158,5.34,0
0,0,-75,0,0,0,0,0.636363636,0.363636364,0,1,1,30,1,0,9,5.25,0
0,0,-35,0,0,0,0,0.461538462,0.538461538,1,1,1,15,1,0.5,17,4.82,0
1,0,-364,0,0,0,0,0.444444444,0.555555556,0,1,2,23,4,0,2,5.62,0
3,0,0,0,0,0.001127396,0,0.80952381,0.19047619,0,1,0,30,1,0,2,0,1
0,0,-49,0,0,0,0,0.4,0.6,1,1,0,29,1,0,180,4.01,0
1,0,-193,0,0,0,0,0.541666667,0.458333333,0,1,1,29,1,0,1,5.27,0
1,0,-73,0,0,0,0,0.542857143,0.457142857,0,1,0,29,3,0,0,3.73,0
0,0,-125,0,1,0,0,0,1,1,0,0,29,1,0,332,4.22,0
2,0,0,0,0,0.070175439,0,0.727272727,0.272727273,0,1,0,27,8,0,187,3.41,0
1,0,0,0,0,0,0,0.44,0.56,1,1,0,27,2,0,78,5.76,0
0,0,-61,0,0,0,0,0.071428571,0.928571429,0,0,1,28,1,0,34,4.97,0
1,0,-253,0,0,0,0,0.375,0.625,0,0,2,30,8,0,0,5.19,0
1,0,-74,0,0,0,0,0.55,0.45,0,1,0,28,1,0,11,3.47,0
0,0,-381,0,0,0,0,0.333333333,0.666666667,1,1,0,30,1,0,246,6.1,0
1,0,-54,0,0,0,0,0.333333333,0.666666667,0,1,1,30,3,0.5,9,5.91,0
0,0,-296,0,0,0,0,0.5,0.5,1,1,0,30,4,0.5,75,5.12,0
0,0,0,0,1,0,0,0.5,0.5,0,1,1,30,1,0,1,3.32,1
1,0,0,0,0,0.547619048,0,0.142857143,0.857142857,0,0,0,29,1,0,1,4.82,0
0,0,-369,0,0,0,0,0.22,0.78,0,1,1,30,1,0,24,5.55,0
3,0,0,0,0,0.318181818,0,0.36,0.64,1,1,3,30,4,0,0,5.15,0
2,0,-122,0,0,0,0,0.8,0.2,0,1,1,30,4,0,22,4.81,0
0,0,-125,0,0,0,0,0.375,0.625,0,1,1,29,3,0,26,5.51,0
1,0,0,0,1,0,0,0.25,0.75,0,1,0,30,1,0,11,4.42,0
0,0,-73,1,0,0.276595745,0,0.377358491,0.622641509,0,0,0,28,1,1,273,4.52,0
0,0,-283,0,0,0.984210526,0,0.346153846,0.653846154,1,1,0,29,4,0,168,4.25,0
0,0,-351,0,0,0,0,0.551020408,0.448979592,0,1,0,30,4,0,9,5.47,0
3,0,0,0,0,0.289156627,0,0.333333333,0.666666667,0,1,1,20,1,1,37,5.16,0
2,0,0,0,0,0.994565217,0,0.128205128,0.871794872,0,0,5,30,1,0,0,0,1
0,0,0,0,0,0,0,0,1,0,1,0,29,1,0.5,0,5.62,1
1,0,-122,0,0,0,0,0.117647059,0.882352941,1,1,5,30,4,0,41,5.22,0
1,0,0,0,1,0,0,0,0,0,0,0,8,1,0,0,5.02,0
1,0,0,0,1,0,0,0,1,0,0,0,29,1,0,0,5.31,0
0,0,0,0,0,0,0,0,0,0,0,0,29,1,0,0,2.8,1
0,0,0,0,0,0,0,0.75,0.25,0,1,1,30,1,0,0,0,1
0,0,-270,0,0,0.15,0,0.340425532,0.659574468,1,1,0,30,2,0,83,5.16,0
1,0,-4,0,1,0,0,0.555555556,0.444444444,0,1,1,5,1,0,0,5.09,0
0,0,-298,0,0,0,0,0.470588235,0.529411765,1,0,1,16,1,0.5,65,5.11,0
0,0,-153,0,0,0,0,0.476190476,0.523809524,0,1,0,28,2,0.5,176,4.54,0
0,0,-196,0,0,0.4,0,0.5,0.5,0,1,0,20,1,0,100,4.65,0
0,0,-330,0,1,0,0,1,0,0,1,0,30,1,0,0,5.32,0
3,0,0,0,0,0,0,0.37037037,0.62962963,1,1,2,28,3,0,18,5.27,0
0,0,-381,0,1,0,0,0,0,0,1,0,5,1,0,2,5.21,0
0,0,-84,0,0,0,0,0.552631579,0.447368421,0,0,0,30,2,0.5,675,5.19,0
0,0,-344,0,0,0,0,0.4,0.6,0,1,0,30,4,0.5,156,4.97,0
1,0,0,0,0,0,0,0.176470588,0.823529412,0,1,0,30,1,0,0,0,1
2,0,0,0,0,0,0,0.444444444,0.555555556,1,0,0,23,1,0,49,3.13,0
3,0,-85,1,0,0,0,0.421052632,0.578947368,0,1,7,30,1,0.5,36,5.18,0
0,0,-54,0,0,0,0,0.047619048,0.952380952,0,1,0,30,1,0,19,3.12,0
1,0,0,0,0,0,0,0.625,0.375,1,0,0,30,2,0,6,4.33,0
0,0,0,0,0,0,0,0.5,0.5,0,0,1,28,1,1,39,5.07,0
1,0,-67,0,0,0,0,0.5,0.5,1,1,1,30,3,0,11,5,0
0,0,-352,0,0,0.059171598,0,0.216216216,0.783783784,1,1,1,30,4,0,345,5.53,0
1,0,-375,0,0,0,0,0.181818182,0.818181818,1,0,4,30,2,0,4,3.46,0
1,0,0,0,0,0,0,0,0,0,0,0,29,1,0,0,2.76,1
1,0,-214,0,0,0,0,0.666666667,0.333333333,1,1,2,30,4,0,103,5.59,0
0,0,-124,0,1,0,0,0.7,0.3,0,1,0,29,2,0,10,5.55,0
0,0,-36,0,0,0,0,0.435897436,0.564102564,0,0,0,30,1,0,312,5.33,0
0,0,0,0,1,0,0,0,0,0,0,0,29,1,0,0,0,1
1,0,-337,0,0,0,0,0.5,0.5,0,1,10,30,3,0,11,4.96,0
1,0,-377,0,0,0,0,0.636363636,0.363636364,1,1,0,30,3,0,0,5.21,0
1,0,-52,0,0,0,0,0.375,0.625,1,0,3,30,1,0,5,4.63,0
1,0,0,0,0,0,0,0.290909091,0.709090909,1,1,6,1,1,0,62,5.04,0
1,0,0,0,1,0,0,1,0,0,1,0,30,1,0,1,0,1
1,0,0,0,0,0,0,0.5,0.5,0,1,0,30,2,0.5,0,0,1
0,0,-40,0,0,0,0,0.434782609,0.565217391,1,1,0,19,2,0,7,3.83,0
1,0,-355,0,0,0.215686275,0,0.058823529,0.941176471,0,1,0,30,2,0,333,4.75,0
0,0,0,0,1,0,0,0.5,0.5,0,1,1,30,1,0,1,3.05,1
1,0,-41,0,0,0,0,0.666666667,0.333333333,0,1,0,30,2,0,39,4.05,0
0,0,-346,0,0,0,0,0.370967742,0.629032258,0,1,0,29,1,0,91,5.38,0
0,0,0,0,1,0,0,0.5,0.5,0,1,1,30,1,0,1,3.25,1
0,0,-54,0,1,0,0,0.5,0.5,0,1,1,29,1,0,1,2.16,0
0,0,-25,0,0,0,0,0.275862069,0.724137931,0,0,4,30,4,0,16,4.38,0
0,0,-31,0,0,0.122222222,0,0.5,0.5,0,1,0,30,1,0.5,20,5.19,0
1,0,-97,0,0,0,0,0.333333333,0.666666667,0,1,0,30,2,0,203,4.4,0
2,0,0,0,0,0.695652174,0,0.388235294,0.611764706,1,1,2,30,3,0,6,5.06,0
0,0,0,0,1,0,0,0.5,0.5,0,0,1,28,1,0,1,0,1
0,0,0,0,1,0,0,0.333333333,0.666666667,0,1,1,30,1,0,0,0,1
0,0,-233,0,0,0,0,0.2,0.8,0,1,1,21,1,0.5,285,6.02,0
0,0,-342,0,0,0,0,0.636363636,0.363636364,1,0,1,30,1,0.5,51,4.93,0
1,0,0,0,0,0,0,0.206896552,0.793103448,0,0,0,30,1,0,426,4.89,0
1,0,-256,0,0,0,0,0.5,0.5,1,1,0,30,4,0,225,5.17,0
0,0,0,0,1,0,0,0.5,0.5,0,1,1,30,1,0,1,2.42,1
0,0,0,0,0,0,0,0,1,0,1,0,30,1,0.5,0,3.38,0
0,0,-29,0,0,0.132352941,0,0.269230769,0.730769231,0,0,4,30,1,0,33,4,0
2,0,0,0,0,0,0,0.583333333,0.416666667,0,0,0,28,1,0.5,6,4.97,0
1,0,-66,0,0,0,0,0.531914894,0.468085106,0,1,0,30,2,0,0,5.19,0
1,0,-130,0,0,0,0,0.233333333,0.766666667,0,1,6,30,4,0,108,5.56,0
1,0,-301,0,0,0,0,0.260869565,0.739130435,1,1,1,27,1,0,0,4.46,0
1,0,-195,0,0,0,0,0.3,0.7,0,1,1,18,4,0,4,5.1,0
0,0,-352,0,0,0,0,0.25,0.75,1,1,0,6,2,0,953,5.58,0
0,0,0,0,0,0,0,0.230769231,0.769230769,0,1,1,30,1,0.5,3,4.4,0
0,0,0,0,0,0,0,0.75,0.25,0,1,1,30,1,0,0,4.35,1
1,0,0,0,1,0,0,0.666666667,0.333333333,0,1,1,30,1,0,0,0,1
0,0,-107,0,1,0,0,0,0,0,1,0,30,1,0,0,5.09,0
0,0,-212,0,1,0,0,0.8,0.2,1,1,4,30,2,0,4,4.81,0
0,0,0,0,1,0,0,0.5,0.5,0,1,0,30,1,0,2,5.16,0
3,0,0,0,0,0,0,0.434782609,0.565217391,0,1,1,18,2,0,0,5.69,0
2,0,-348,0,0,0,0,0.193548387,0.806451613,1,1,2,30,3,0,0,5.84,0
1,0,-47,0,0,0.055555556,0,0.230769231,0.769230769,1,1,3,28,1,0.5,0,5.12,0
0,0,-266,0,0,0,0,0.523809524,0.476190476,0,1,1,30,3,0.5,22,5.37,0
1,0,-333,0,0,0,0,0.013888889,0.986111111,0,0,1,29,1,0,3,4.79,0
1,0,0,0,1,0,0,0,0,0,1,0,30,1,0,0,0,1
2,0,0,0,0,0,0,0.64,0.36,0,1,1,30,2,0,16,5.37,0
0,0,0,0,0,0.88,0,0.257142857,0.742857143,1,0,3,30,1,0,57,5.24,0
0,0,-298,0,0,0.628676471,0,0.0625,0.9375,0,1,1,30,4,1,83,5.14,0
1,0,0,0,0,0,0,0.25,0.75,1,1,0,30,3,0,4,8.17,1
6,0,0,0,0,0,0,0.590909091,0.409090909,1,1,2,30,1,0,1,4.5,0
1,0,0,0,0,0,0,0.25,0.75,1,1,0,29,3,0,4,8.17,1
2,0,0,0,0,0,0,0.142857143,0.857142857,1,1,5,30,4,1,8,4.61,0
1,0,-282,0,0,0.220338983,0,0.41509434,0.58490566,1,1,1,30,3,0,232,5,0
0,0,-31,0,0,0.032608696,0,0.326530612,0.673469388,0,1,0,30,1,0,178,4.4,0
1,0,0,0,0,0,0,0.5,0.5,0,1,0,30,2,0.5,0,2.47,1
1,0,0,0,0,0,0,0.305084746,0.694915254,0,0,0,30,1,0,6,5.45,0
3,0,0,0,0,0,0,0.5,0.5,1,1,2,27,2,0,0,5.73,0
0,0,0,0,1,0,0,0.5,0.5,0,1,1,30,1,0,1,1.58,1
0,0,-131,0,0,0,0,0.425,0.575,1,1,2,30,1,0.5,388,5.29,0
0,0,-81,0,0,0.048192771,0,0.409836066,0.590163934,0,0,0,29,1,0.5,223,5.04,0
0,0,0,0,1,0,0,0.333333333,0.666666667,0,1,1,30,1,0,0,2.12,1
1,0,-236,0,0,0.136,0,0.523809524,0.476190476,1,1,0,30,3,0.5,76,5.01,0
0,0,0,0,0,0,0,0,1,0,0,0,30,1,0,3,0,1
0,0,-70,0,0,0.403846154,0,0.65,0.35,1,1,2,30,2,0,4,5.27,0
1,0,-243,0,0,0,0,0.375,0.625,0,1,1,30,1,1,2,5.65,0
0,0,0,0,0,0.039784221,0,0.535714286,0.464285714,0,1,0,30,2,0,1591,3.23,0
1,0,0,0,0,0,0,0.516129032,0.483870968,1,1,1,30,2,0.5,13,5.52,0
0,0,0,0,1,0,0,0.5,0.5,0,1,1,30,1,0,1,4.92,0
0,0,-320,1,0,0,0,0.520833333,0.479166667,1,1,5,30,1,0.5,0,3.93,0
0,0,0,0,1,0,0,0.5,0.5,0,0,1,30,1,0,1,4.96,0
1,0,0,0,0,0,0,0.555555556,0.444444444,1,0,1,28,1,0,7,5.14,0
1,0,0,0,0,0.538461538,0,0,1,0,0,2,28,1,0,0,5.32,0
0,0,-72,0,0,0.278688525,0,0.469387755,0.530612245,0,1,0,28,2,0,263,5.5,0
1,0,-70,0,0,0,0,0.583333333,0.416666667,0,0,0,29,1,0,58,5.26,0
1,0,-88,0,0,0,0,0.533333333,0.466666667,1,1,1,29,1,0.5,5,5.13,0
1,0,-152,0,0,0,0,0.173913043,0.826086957,1,1,0,30,1,0,30,5.3,0
0,0,-260,0,1,0,0,0,0,0,1,0,30,1,0,0,4.74,0
1,0,0,0,0,0,0,0.5,0.5,0,1,0,14,2,0.5,0,3.03,1
0,0,0,0,1,0,0,0.4,0.6,0,1,0,29,1,0,0,3.9,0
0,0,0,0,1,0,0,0.5,0.5,0,0,1,28,1,0,1,0,1
0,0,-370,0,0,0,0,0.555555556,0.444444444,0,1,0,29,1,0,10,4.93,0
0,0,-73,0,0,0,0,0.230769231,0.769230769,0,1,6,15,1,0,18,6.33,0
1,0,-52,0,0,0,0,0.682926829,0.317073171,0,0,0,30,1,0,17,5.21,0
1,0,-109,0,0,0,0,0.4,0.6,1,1,1,30,1,0,0,4.99,0
0,0,-80,0,1,0,0,0.785714286,0.214285714,0,1,0,30,1,0,4,4.93,0
1,0,0,0,1,0,0,0.333333333,0.666666667,0,0,1,26,1,0,0,2.39,1
1,0,-88,0,0,0.558139535,0,0.666666667,0.333333333,0,1,0,29,2,0,1,4.81,0
0,0,-61,0,0,0.492537313,0,0.285714286,0.714285714,0,1,0,30,1,0,200,4.86,0
0,0,-257,0,0,0,0,0.375,0.625,1,1,6,30,4,0,95,5.18,0
0,0,0,0,0,0,0,0.375,0.625,0,0,0,30,1,0.5,1,4.72,0
0,0,-161,0,0,0,0,0.166666667,0.833333333,0,1,4,29,1,0.5,9,5.17,0
1,0,-215,0,0,0,0,0.232876712,0.767123288,1,1,1,29,4,0,14,5.38,0
0,0,0,0,0,0,0,0.307692308,0.692307692,0,0,0,29,1,0,179,2.78,0
2,0,-72,0,0,0.352112676,0,0.422222222,0.577777778,1,1,1,30,2,0.5,69,5.46,0
1,0,0,0,0,0,0,0.721311475,0.278688525,1,0,1,26,1,1,160,4.63,0
1,0,0,0,0,0,0,0.529411765,0.470588235,0,1,0,30,2,0,3,0,1
0,0,0,0,1,0,0,0,0,0,0,0,30,1,0,0,2.48,0
0,0,-186,0,0,0.075587334,0,0.333333333,0.666666667,0,1,0,29,3,0,1008,5.25,0
0,0,-154,0,1,0,0,0.793103448,0.206896552,0,1,1,30,2,0,0,4.89,0
1,0,0,0,1,0,0,0,1,0,0,0,30,1,0,6,0,1
4,0,0,0,0,0,0,0.375,0.625,1,1,1,27,2,0,0,3.06,1
0,0,-77,0,0,0,0,0.125,0.875,0,1,1,30,1,0,3,4.6,0
0,0,-231,0,1,0,0,0,0,0,1,0,30,3,0,0,5.35,0
0,0,0,0,0,0,0,1,0,0,1,0,30,1,0,1,2.63,1
0,0,0,0,1,0,0,0,0,0,0,0,30,1,0,0,0,1
0,0,-67,0,0,0,0,0.666666667,0.333333333,0,1,0,29,2,0,0,3.41,0
0,0,-289,0,1,0,0,0.6,0.4,0,1,1,30,3,0,0,4.95,0
3,0,-95,0,0,0,0,0.28,0.72,1,1,2,29,3,0,89,5.13,0
0,0,-213,0,0,0.091891892,0,0.285714286,0.714285714,1,0,0,28,1,0,206,4.55,0
1,0,0,0,0,0.6,0,0.3125,0.6875,1,1,0,28,2,0.5,45,5.57,1
0,0,-313,0,0,0,0,0.8125,0.1875,0,1,1,30,3,0,195,4.91,0
0,0,-325,0,0,0,0,0.289473684,0.710526316,1,1,4,30,1,0,54,5.39,0
1,0,-129,0,0,0,0,0.25,0.75,0,1,1,30,1,0,2,4.84,0
0,0,-71,0,0,0,0,0.895833333,0.104166667,1,1,0,28,1,0.5,79,5.24,0
0,0,-86,0,0,0,0,0.508196721,0.491803279,0,1,0,29,3,0,264,5.07,0
0,0,-76,0,0,0.071428571,0,0.409090909,0.590909091,1,1,2,28,8,0,63,3.17,0
3,0,-81,0,0,0.170731707,0,0.1,0.9,1,1,2,20,1,0,16,5.85,0
0,0,-87,0,0,0.34375,0,0.268292683,0.731707317,1,1,0,30,1,0,73,4.93,0
0,0,0,0,1,0,0,0.5,0.5,0,1,1,30,1,0,1,5.42,0
0,0,-83,0,0,0.142857143,0,0.444444444,0.555555556,0,0,0,30,1,0,27,5.17,0
1,0,0,0,0,0,0,0.666666667,0.333333333,1,1,1,30,5,0,7,5.7,0
1,0,-158,0,0,0,0,0.105263158,0.894736842,0,1,8,29,1,0,0,5.86,0
0,0,0,0,0,0,0,0.75,0.25,0,1,1,30,1,0,0,0,1
2,0,0,0,1,0,0,0,1,0,0,0,29,1,0,2,3.01,0
0,0,-75,0,0,0,0,0.388888889,0.611111111,0,0,1,30,1,0,11,5.14,0
0,0,-175,0,0,0.122807018,0,0.380952381,0.619047619,1,1,0,30,1,0,147,5.19,0
0,0,-395,0,0,0.357876712,0,0.517241379,0.482758621,1,1,1,27,1,0,993,5.3,0
0,0,0,0,1,0,0,0.5,0.5,0,1,1,30,1,0,1,4.87,1
1,0,0,0,1,0,0,1,0,0,1,0,30,1,0,0,0.95,1
1,0,-342,0,0,0.113636364,0,0.672413793,0.327586207,1,0,2,29,1,0.5,39,4.08,0
1,0,-295,0,0,0.113924051,0,0.5,0.5,1,1,0,30,2,0,40,5.49,0
1,0,0,0,1,0,0,0.428571429,0.571428571,0,1,2,30,1,0,0,5.35,0
0,0,-39,0,0,0,0,0.268292683,0.731707317,0,1,0,30,2,0,245,6.41,0
1,0,0,0,1,0,0,0,1,0,0,0,28,1,0,0,3.03,1
1,0,-31,0,0,0.003436426,0,0.098039216,0.901960784,1,1,0,20,2,0,372,5.18,0
2,0,-289,0,0,0.146788991,0,0.185185185,0.814814815,0,1,7,29,4,0,8,5.17,0
0,0,-65,0,0,0,0,0.6,0.4,1,1,1,22,1,0.5,13,5.19,0
1,0,-72,0,1,0,0,1,0,0,1,0,30,2,0,0,5.13,0
0,0,-37,0,0,0,0,0.384615385,0.615384615,1,1,2,8,1,0,15,5.48,0
0,0,-71,0,0,0,0,0.5,0.5,0,1,2,30,2,0,15,5.12,0
3,0,0,0,0,0,0,0,0,0,1,0,30,2,0,0,0,1
1,0,-76,0,1,0,0,0.352941176,0.647058824,1,1,3,28,3,0,0,2.99,0
0,0,-296,0,0,0,0,0.25,0.75,0,0,0,28,1,0,7,5.15,0
4,0,-55,0,0,0,0,0.666666667,0.333333333,1,1,1,30,3,0.5,0,5.05,0
1,0,0,0,0,0,0,0.75,0.25,0,0,0,28,1,0,0,3.01,0
1,0,0,0,0,0,0,0.647058824,0.352941176,0,0,1,25,1,0,2,4.9,0
4,0,-268,0,0,0,0,0.470588235,0.529411765,0,1,0,30,3,0.5,6,5.41,0
0,0,0,0,0,0,0,0.75,0.25,0,1,1,30,1,0,0,0,1
1,0,0,0,1,0,0,0,0,0,1,0,30,1,0,1,5.28,0
0,0,0,0,1,0,0,0.5,0.5,0,1,1,30,1,0,1,0,1
0,0,-67,0,0,0,0,0.367346939,0.632653061,1,1,6,29,1,0.5,81,4.99,0
0,0,0,0,1,0,0,1,0,0,0,0,30,1,0,0,2.75,0
0,0,-76,0,0,0,0,0.727272727,0.272727273,0,0,0,30,1,0,8,4.91,0
0,0,-241,0,0,0,0,0.2,0.8,0,1,0,30,2,0,96,4,0
1,0,0,0,1,0,0,1,0,0,0,0,30,1,0,0,0,1
1,0,-309,0,0,0,0,0.235294118,0.764705882,0,1,0,30,2,0.5,465,5.34,0
3,0,-63,0,0,0.37037037,0,0.390243902,0.609756098,0,0,5,29,1,0,0,5.36,0
0,0,-170,0,0,0,0,0.089285714,0.910714286,0,1,0,30,3,0,225,4.25,0
0,0,-282,0,0,0.227586207,0,0.102941176,0.897058824,1,1,2,29,3,0,202,5.67,0
0,0,-366,0,0,0,0,0.5625,0.4375,1,0,3,30,1,0,5,5.03,0
0,0,-346,0,0,0,0,0.1875,0.8125,1,1,0,30,2,0.5,223,4.98,0
0,0,-63,0,0,0,0,0.487179487,0.512820513,1,0,1,27,1,0,92,3.22,0
0,0,-70,0,0,0.068181818,0,0.166666667,0.833333333,0,1,0,30,1,0.5,85,4.68,0
1,0,0,0,0,0,0,0.571428571,0.428571429,0,0,2,30,1,0,7,5.3,0
1,0,-69,0,0,0.537037037,0,0.388888889,0.611111111,1,0,3,30,1,0.5,72,5.23,0
2,0,0,0,0,0,0,0.5,0.5,1,1,1,28,1,0,20,5.11,0
0,0,-75,0,0,0.156862745,0,0.153846154,0.846153846,0,1,2,29,1,0,202,4.18,0
0,0,-224,0,0,0.25,0,0.151515152,0.848484848,1,1,0,30,2,0.5,87,5.43,0
1,0,-67,0,0,0,0,0.5,0.5,0,1,1,21,3,0,2,4.68,0
0,0,-342,0,0,0,0,0.714285714,0.285714286,0,1,0,30,3,0,1,5.83,0
1,0,0,0,0,0,0,0.25,0.75,1,1,0,20,3,0,4,8.17,1
1,0,0,0,0,0,0,0.666666667,0.333333333,0,0,0,30,1,0.5,6,5.31,0
0,0,-268,0,0,0,0,0.451612903,0.548387097,1,0,0,28,1,0.5,50,5.02,0
0,0,-347,0,1,0,0,0.5,0.5,0,1,1,30,1,0,1,5.33,0
0,0,-297,0,0,0,0,0.178571429,0.821428571,1,1,0,30,2,0.5,35,5.05,0
1,0,-48,0,0,0,0,0.5,0.5,0,0,0,30,1,0,3,5.44,0
1,0,-382,0,0,0,0,0.047619048,0.952380952,0,1,0,20,1,0,265,6.55,0
0,0,-87,0,0,0,0,0.866666667,0.133333333,0,1,0,30,1,0.5,53,5.11,0
1,0,-43,0,0,0,0,0.092592593,0.907407407,1,1,1,30,2,0,0,4.98,0
0,0,0,0,0,0,0,1,0,0,1,0,30,1,0,7,0,1
0,0,-355,0,0,0,0,0.352941176,0.647058824,0,1,2,29,1,0,154,5.47,0
1,0,-83,0,0,0,0,0.333333333,0.666666667,1,1,0,30,2,0,1136,5.3,0
0,0,0,0,0,0,0,0,0,1,1,0,30,1,0,0,0,1
0,0,0,0,1,0,0,0,0,0,1,0,30,1,0,1,3.54,1
1,0,-310,0,0,0,0,0.076923077,0.923076923,0,1,3,30,2,0,351,5.48,0
0,0,-27,0,0,0.235294118,0,0.666666667,0.333333333,0,1,1,30,1,0,5,5.05,0
0,0,-139,0,0,0,0,0.142857143,0.857142857,0,0,4,30,1,0.5,5,5.02,0
0,0,-36,0,0,0,0,0.491525424,0.508474576,1,1,0,30,2,0.5,36,6.65,0
0,0,-276,0,0,0.02739726,0,0.444444444,0.555555556,1,1,4,29,3,0.5,3,4.51,0
0,0,-225,0,0,0,0,0.525,0.475,0,0,1,28,1,0,40,5.63,0
3,0,0,0,1,0,0,0,0,0,1,0,30,1,0,0,5.39,0
0,0,-251,0,0,0.058536585,0,0.02173913,0.97826087,0,1,1,19,1,0,213,5.66,0
2,0,0,0,0,0.129032258,0,0.1,0.9,0,1,1,30,4,0,122,5.64,0
0,0,-327,0,0,0,0,0.2,0.8,1,1,3,29,2,0,0,3.83,0
0,0,0,0,1,0,0,0.666666667,0.333333333,0,0,1,30,9,0,0,0,1
0,0,-78,0,0,0,0,0.484848485,0.515151515,0,1,1,29,1,0,2,3.48,0
0,0,0,0,0,0,0,0.333333333,0.666666667,0,0,1,30,1,0,0,5.5,0
0,0,0,0,1,0,0,0,0,0,1,0,30,1,0,0,0,1
1,0,0,0,0,0,0,0.470588235,0.529411765,0,1,0,30,5,0,95,3.99,0
3,0,0,0,0,0.212121212,0,0.5625,0.4375,1,0,1,26,2,0,31,4.9,0
3,0,0,0,0,0.051724138,0,0.46875,0.53125,1,1,0,30,3,0,179,4.75,0
0,0,-59,0,0,0,0,0.35483871,0.64516129,0,1,0,30,1,0,143,5.14,0
1,0,-78,0,0,0,0,0.377358491,0.622641509,0,1,4,27,3,0,0,4.95,0
0,0,-51,0,0,0,0,0.6,0.4,1,1,1,29,1,0,18,5.48,0
0,0,0,0,1,0,0,0.5,0.5,0,1,1,30,1,0,1,3.97,1
0,0,-310,0,0,0,0,0.40625,0.59375,0,0,3,27,2,0,15,4.67,0
1,0,-347,0,0,0,0,0.475,0.525,0,0,0,30,3,0,45,5.23,0
0,0,-86,0,1,0,0,0.52,0.48,1,1,1,30,2,0,26,5.74,0
1,0,-34,0,0,0,0,0,1,0,1,2,29,4,0,472,4.62,0
0,0,-60,0,0,0,0,0.35,0.65,0,1,0,29,2,1,223,4.87,0
0,0,-125,0,0,0,0,0.375,0.625,0,1,1,30,3,0,26,5.51,0
0,0,-73,0,0,0,0,0.130434783,0.869565217,1,1,1,30,4,0,110,5.32,0
3,0,0,0,0,0,0,0.692307692,0.307692308,1,1,2,26,1,0.5,1,4.81,0
1,0,-281,0,0,0.14516129,0,0.84,0.16,0,1,0,30,1,0,144,7.65,0
1,0,0,0,0,0,0,0.571428571,0.428571429,1,1,0,30,1,0,0,4.92,0
3,0,0,1,0,0,0,0.5,0.5,1,1,1,17,2,0.5,0,5.03,0
0,0,-225,0,0,0.105485232,0,0.35,0.65,1,0,4,30,1,0,11,4.57,0
0,0,-81,0,0,0,0,0.206896552,0.793103448,1,1,0,30,1,0,21,5.26,0
0,0,0,0,1,0,0,0.5,0.5,0,0,1,30,1,0,1,2.45,1
0,0,-60,0,0,0.048913043,0,0.5625,0.4375,0,1,3,30,3,0,1,4.86,0
0,0,0,0,0,0.236842105,0,0.5,0.5,0,0,0,30,1,0,62,4.5,0
0,0,0,0,1,0,0,1,0,0,0,0,30,1,0,0,3.64,0
0,0,-254,0,0,0.189655172,0,0.333333333,0.666666667,1,1,1,30,2,0,124,5.12,0
2,0,0,0,0,0,0,0.454545455,0.545454545,1,0,0,29,1,0.5,57,5.67,0
1,0,0,0,0,0,0,0.722222222,0.277777778,1,1,0,30,3,0,31,5.82,0
0,0,0,0,1,0,0,0,0,0,1,0,28,1,0,0,5.18,0
0,0,0,0,1,0,0,0.333333333,0.666666667,0,1,1,30,1,0,0,1.59,1
1,0,0,0,0,0,0,0.396825397,0.603174603,0,1,0,30,1,1,140,3.92,0
0,0,-37,0,0,0.111111111,0,0.457142857,0.542857143,0,1,0,30,1,0,167,4.96,0
0,0,-31,0,0,0,0,0.2,0.8,0,0,1,29,1,0.5,0,5.47,0
0,0,-347,0,0,0,0,0.038461538,0.961538462,0,1,4,30,1,0,728,6.05,0
0,0,0,0,0,0.842105263,0,0.333333333,0.666666667,0,0,0,29,1,0,5,4.79,0
2,0,-116,0,0,0.842696629,0,0.766666667,0.233333333,0,1,0,29,4,0,79,6.02,0
0,0,-228,0,0,0.226086957,0,0.470588235,0.529411765,1,0,0,30,1,0,59,5.4,0
0,0,-154,0,0,0,0,0.296296296,0.703703704,1,1,5,30,3,0,3,5.28,0
1,0,-303,0,0,0,0,0.280898876,0.719101124,0,1,3,30,2,0,0,5.06,0
0,0,-29,0,0,0,0,0.346153846,0.653846154,0,1,0,30,1,0,213,4.9,0
0,0,-76,0,0,0.1875,0,0.473684211,0.526315789,1,1,0,27,2,0,111,5.17,0
2,0,-71,0,0,0,0,0.08,0.92,1,1,0,30,2,0,314,5.05,0
1,0,-67,0,0,0,0,0.5,0.5,1,1,1,30,1,0,0,4.48,0
0,0,0,0,1,0,0,1,0,0,1,0,30,1,0,0,3.28,1
0,0,0,0,0,0,0,0,1,0,0,0,30,1,0,3,3.71,0
1,0,-310,0,1,0,0,0.833333333,0.166666667,1,1,0,30,2,0,14,4.42,0
2,0,-182,0,0,0.170212766,0,0.230769231,0.769230769,1,1,1,30,4,0,207,5.8,0
1,0,0,0,0,0.740585774,0,0.692307692,0.307692308,0,0,1,27,1,0,55,2.82,0
0,0,0,0,0,0,0,0.666666667,0.333333333,0,1,1,30,2,0,0,0,1
2,0,-291,0,0,0.246753247,0,0.634146341,0.365853659,0,1,3,9,4,0,185,5.15,0
0,0,-210,0,0,0,0,0.523809524,0.476190476,1,1,5,30,1,0,36,5.9,0
1,0,-310,0,0,0,0,0.388888889,0.611111111,0,1,2,29,2,0,0,5.67,0
0,0,-230,0,0,0,0,0.47826087,0.52173913,1,1,0,30,2,0,2,5.43,0
1,0,-36,0,0,0,0,0.347826087,0.652173913,1,0,0,30,1,0,185,5.31,0
0,0,-276,0,0,0,0,0.2,0.8,0,1,1,29,1,0.5,9,5.24,0
1,0,0,0,0,0,0,0.555555556,0.444444444,0,1,0,30,2,0,315,4.11,0
0,0,-370,0,0,0,0,0.620689655,0.379310345,0,1,1,30,1,0.5,4,5.47,0
1,0,-267,0,0,0,0,0.285714286,0.714285714,1,1,1,30,2,0,0,4.53,0
2,0,0,0,0,0.093023256,0,0.106382979,0.893617021,0,1,0,29,1,0,161,5.08,0
2,0,0,0,1,0,0,0.615384615,0.384615385,0,0,0,30,1,0.5,0,1.94,1
1,0,-78,0,0,0.103448276,0,0.526315789,0.473684211,1,1,0,20,2,0,169,5.92,0
3,0,0,0,0,0,0,0.125,0.875,0,1,1,28,3,0,12,5.37,0
1,0,0,0,0,0,0,0.315789474,0.684210526,0,1,1,30,3,0,6,5.29,0
1,0,0,0,0,0,0,0.148148148,0.851851852,0,0,0,11,1,0,97,5.47,0
1,0,0,0,0,0,0,0.5,0.5,0,0,0,29,1,0,0,4.37,0
1,0,0,0,0,0,0,0.127272727,0.872727273,1,1,1,20,1,0,2,4.47,0
1,0,0,0,0,0.076923077,0,0.4,0.6,0,1,1,29,1,0,16,4.53,0
1,0,-244,0,0,0.333333333,0,0.757142857,0.242857143,1,1,2,30,2,0,0,5.74,0
1,0,0,0,0,0.8,0,0,0,0,1,0,30,1,0,3,4.55,0
1,0,-58,0,0,0.284090909,0,0.4,0.6,1,1,1,30,1,0,66,5.68,0
0,0,-292,0,0,0,0,0.15625,0.84375,0,1,1,19,1,0,17,5.71,0
1,0,-39,0,0,0,0,0.45,0.55,1,1,1,30,1,0.5,99,5.73,0
2,0,0,0,0,0,0,0.117647059,0.882352941,1,0,2,24,1,0,4,5.26,0
0,0,-68,0,0,0.293103448,0,0.387755102,0.612244898,0,1,0,30,2,1,225,5.35,0
2,0,-73,0,0,0,0,0.125,0.875,0,1,0,30,1,0,0,4.89,0
0,0,0,0,0,0,0,0.75,0.25,0,1,1,30,1,0,0,2.55,1
1,0,0,0,0,0.158730159,0,0.625,0.375,1,1,0,16,2,0,101,3.59,0
0,0,-43,0,0,0,0,0.5,0.5,0,0,0,30,1,0,7,4.64,0
0,0,-219,0,0,0,0,0.378378378,0.621621622,0,1,2,29,2,0,22,5.16,0
2,0,-57,0,0,0.118518519,0,0.206896552,0.793103448,1,1,1,29,1,0,0,4.52,0
2,0,0,0,0,0.176056338,0,0.42,0.58,1,1,0,30,3,0,283,4.76,0
1,0,0,1,0,0,0,0.735294118,0.264705882,1,1,1,30,1,0.5,73,5.3,0
0,0,0,1,0,0,0,0.565217391,0.434782609,1,1,1,28,1,0.5,4,5.3,0
3,0,0,0,0,0,0,0.5,0.5,0,1,0,29,3,0.5,80,5.19,0
0,0,-74,0,0,0,0,0.736842105,0.263157895,0,1,1,29,1,0.5,25,4.78,0
2,0,0,0,1,0,0,0.444444444,0.555555556,0,1,1,27,1,0.5,6,3.7,0
0,0,0,0,1,0,0,0.857142857,0.142857143,0,0,0,30,1,0,3,5.17,0
0,0,0,0,0,0.4,0,0,1,0,1,0,30,1,0,0,0,1
1,0,-88,0,0,0.718518519,0,0.4375,0.5625,0,1,0,30,2,1,328,5.1,0
2,0,-274,0,0,0,0,0.588235294,0.411764706,1,0,1,26,1,0,1,4.81,0
1,0,0,0,0,0.068965517,0,0.047619048,0.952380952,1,1,2,30,1,0,0,4.93,0
0,0,-289,0,0,0,0,0.217391304,0.782608696,0,1,6,30,1,0.5,1,4,0
1,0,-25,0,0,0,0,0.388888889,0.611111111,0,1,1,19,2,0,0,5.49,0
0,0,-56,0,0,0.704918033,0,0.1,0.9,1,1,1,30,1,0.5,29,4.68,0
4,0,0,0,0,0.95890411,0,0.321428571,0.678571429,1,1,0,26,1,0.5,315,5.41,0
1,0,-99,0,0,0,0,0.166666667,0.833333333,0,1,2,30,7,0,5,4.69,0
0,0,-43,0,0,0,0,0.666666667,0.333333333,0,1,0,30,1,0,1,4.9,0
0,0,-71,0,0,0,0,0.487179487,0.512820513,1,1,0,30,1,1,235,5.54,0
1,0,-23,0,0,0,0,0.583333333,0.416666667,0,0,0,30,1,0,2,4.28,0
0,0,-139,0,0,0,0,0.823529412,0.176470588,0,1,0,30,1,0,8,5.34,0
1,0,-272,0,0,0,0,0.466666667,0.533333333,1,1,3,30,3,0,4,4.73,0
0,0,0,0,0,0,0,0.75,0.25,0,1,1,30,1,0,0,0,1
0,0,-162,0,0,0,0,0.571428571,0.428571429,1,1,1,30,2,0,52,5.35,0
0,0,-39,0,0,0.155172414,0,0.363636364,0.636363636,1,1,2,30,2,0,42,3.22,0
0,0,-61,0,0,0,0,0.379310345,0.620689655,0,1,1,30,3,0,51,4.86,0
0,0,-304,0,0,0,0,0.378378378,0.621621622,1,1,5,30,2,0.5,26,5.58,0
0,0,-150,0,0,0.162790698,0,0.590909091,0.409090909,1,1,1,30,3,0.5,14,5.18,0
2,0,0,0,0,0.162162162,0,0.192307692,0.807692308,1,1,0,30,1,0,67,5.49,0
1,0,-306,0,0,0,0,0.333333333,0.666666667,0,1,0,30,3,0,130,5,0
1,0,-110,0,0,0,0,0.388888889,0.611111111,1,1,1,20,1,0,50,5.37,0
2,0,0,0,0,0,0,0.310344828,0.689655172,0,1,4,28,1,0.5,6,4.45,0
0,0,-67,0,0,0.228571429,0,0.432098765,0.567901235,0,1,0,30,1,0,132,3.43,0
0,0,-34,0,0,0.961538462,0,0,1,0,1,0,20,2,0,28,4.91,0
2,0,0,0,0,0.854166667,0,0.272727273,0.727272727,0,1,2,29,1,0,0,0,1
1,0,-327,0,0,0,0,0.416666667,0.583333333,0,1,3,19,2,0,7,4.97,0
0,0,0,0,0,0.142857143,0,0.461538462,0.538461538,0,0,1,29,1,0,19,0,1
1,0,-58,0,1,0,0,0,0,0,0,0,30,1,0,0,5.46,0
0,0,-272,0,0,0,0,0.466666667,0.533333333,1,1,1,29,1,1,13,5.47,0
1,0,-53,0,0,0,0,0.518987342,0.481012658,1,1,0,30,1,0,800,5.47,0
0,0,-294,0,0,0.920634921,0,0.181818182,0.818181818,0,0,0,29,1,0,75,5.04,0
1,0,-234,0,0,0,0,0.214285714,0.785714286,1,1,1,29,2,0.5,10,5.2,0
2,0,-20,0,0,0.07253886,0,0.463414634,0.536585366,0,1,3,29,1,0.5,61,5.38,0
3,0,-45,0,0,0.036764706,0,0.3,0.7,1,1,1,29,1,0,317,5.14,0
1,0,0,0,0,0,0,0.35,0.65,1,1,4,20,2,0,8,5.12,0
1,0,0,0,0,0,0,0.210526316,0.789473684,0,1,0,13,1,0,24,4.99,1
1,0,0,0,0,0,0,0,0,0,1,0,30,1,0,0,5.02,0
1,0,0,0,1,0,0,0.071428571,0.928571429,0,1,0,30,2,0,29,3.11,0
0,0,0,0,1,0,0,0,0,0,1,0,30,1,0,0,1.62,1
1,0,-252,0,0,0,0,0.333333333,0.666666667,1,1,4,30,2,0,9,5.61,0
1,0,0,0,1,0,0,0.5,0.5,0,1,1,30,1,0,0,5.08,0
0,0,0,0,1,0,0,0.5,0.5,0,0,1,30,1,0,1,1.5,1
2,0,-60,0,0,0.546875,0,0.19047619,0.80952381,0,1,2,21,1,0,0,5.31,0
0,0,-371,0,0,0,0,0.777777778,0.222222222,1,1,0,30,3,0,132,4.9,0
0,0,-364,0,0,0,0,0.625,0.375,1,1,1,26,4,0.5,11,5.12,0
4,0,0,0,1,0,0,0.117647059,0.882352941,0,1,4,30,4,0,0,4.83,0
1,0,-54,0,0,0.119402985,0,0.238095238,0.761904762,0,0,0,30,1,0,168,4.92,0
0,0,-31,0,0,0.333333333,0,0.214285714,0.785714286,0,1,1,30,3,0.5,113,4.98,0
1,0,0,0,0,0,0,0.444444444,0.555555556,1,0,1,29,1,0.5,0,4.57,0
0,0,-78,0,0,0.032258065,0,0.666666667,0.333333333,0,1,0,29,2,0,40,5.33,0
0,0,-256,0,0,0,0,0.666666667,0.333333333,0,1,1,30,3,0,19,4.88,0
0,0,-31,0,0,0,0,0.266666667,0.733333333,1,1,0,29,1,0,251,5.4,0
2,0,-73,0,0,0,0,0.266666667,0.733333333,0,1,0,30,1,0,33,3.66,0
0,0,0,0,0,0,0,1,0,0,1,0,30,1,0,1,0,1
3,-1,0,0,0,0,0,0.461538462,0.538461538,1,1,0,20,1,1,6,5.55,0
1,0,-266,0,1,0,0,0,0,0,1,0,30,1,0,0,4.12,0
1,0,-301,0,1,0,0,0.442622951,0.557377049,0,1,0,28,3,0,35,5.8,0
0,0,-56,0,0,0,0,0.470588235,0.529411765,0,0,2,30,1,0,187,4.81,0
2,-1,-347,0,0,0,0,0.711805556,0.288194444,0,1,1,13,1,0,12,5,0
1,0,-277,0,0,0,0,0.538461538,0.461538462,0,1,2,19,2,0,0,5.12,0
0,0,-231,0,0,0,0,0.516129032,0.483870968,1,0,1,30,1,0,33,4.69,0
0,0,0,0,0,0,0,0.75,0.25,0,1,1,30,1,0,0,2.81,1
1,0,0,0,0,0.411764706,0,0.538461538,0.461538462,0,0,0,30,1,0.5,236,4.55,0
0,0,-136,0,0,0.990291262,0,0.4,0.6,0,0,2,30,1,0,103,3.23,0
0,0,0,0,1,0,0,0,0,0,0,0,30,1,0,1,0,1
0,0,-236,0,0,0,0,0.555555556,0.444444444,1,1,1,30,1,1,29,4.99,0
1,0,-69,0,1,0,0,0.5,0.5,0,1,0,29,1,0,0,0,1
1,0,-58,0,1,0,0,0,0,0,0,0,30,1,0,0,5.18,0
1,0,0,0,0,0.98245614,0,0.382352941,0.617647059,0,1,0,30,2,0,180,5.08,0
0,0,-33,0,0,0,0,0.388059701,0.611940299,1,0,2,26,1,0,156,3.52,0
0,0,-363,0,0,0,0,0.4,0.6,0,1,1,29,4,0,0,5.49,0
3,0,-99,0,0,0,0,0.105263158,0.894736842,1,1,0,13,2,0,15,4.55,0
1,0,0,0,0,0.027472527,0,0.647058824,0.352941176,1,0,0,30,1,1,178,3.65,0
0,0,-282,0,0,0.109090909,0,0.285714286,0.714285714,1,1,0,30,3,0,266,4.57,0
0,0,0,0,1,0,0,0.5,0.5,0,0,1,27,1,0,1,2.64,1
0,0,-152,0,0,0,0,0.65625,0.34375,0,1,1,30,2,0,26,5.63,0
1,0,0,0,0,0,0,0.75,0.25,0,1,1,30,2,0,0,2.46,1
0,0,-224,0,0,0,0,0.647058824,0.352941176,0,1,0,30,2,0.5,3,5.31,0
1,0,-87,0,0,0.071428571,0,0.25,0.75,0,0,2,28,1,0,0,4.75,0
1,0,0,0,0,0,0,0.727272727,0.272727273,1,1,1,29,2,0.5,6,5.31,0
1,0,-235,0,0,0,0,0.142857143,0.857142857,0,1,4,30,2,0,21,5.15,0
0,0,0,0,0,0.797297297,0,0.666666667,0.333333333,0,0,0,30,1,0,33,4.47,0
1,0,0,0,0,0,0,0.142857143,0.857142857,1,1,0,30,1,0.5,91,5.27,0
0,0,-85,0,0,0,0,0.318181818,0.681818182,1,1,0,30,2,0,21,3.7,0
0,0,-383,0,0,0,0,0.516129032,0.483870968,1,1,4,30,2,0,13,5.15,0
1,0,-395,0,0,0.296551724,0,0.128205128,0.871794872,1,1,0,28,1,0,178,5.01,0
0,0,-207,0,1,0,0,0.136363636,0.863636364,0,1,8,30,1,0,1,5.13,0
1,0,-168,0,0,0,0,0.533333333,0.466666667,1,1,1,29,2,1,0,5.08,0
0,0,0,0,1,0,0,0,0,0,1,0,30,12,0,1,0,1
0,0,-35,0,1,0,0,0,0,0,0,0,24,1,0,0,4.98,0
0,0,-270,0,0,0,0,0.666666667,0.333333333,0,1,1,30,2,0.5,7,6.43,0
3,0,0,0,0,0,0,0,1,0,0,0,24,1,0,7,5.01,0
3,0,0,0,0,0,0,0.26,0.74,1,1,2,29,1,0,22,4.52,0
1,0,-259,0,0,0,0,0.409090909,0.590909091,0,1,2,19,2,0.5,7,5.01,0
1,0,-373,0,0,0,0,0.222222222,0.777777778,0,1,5,30,2,0,9,5.59,0
1,0,-67,0,0,0,0,0.333333333,0.666666667,0,1,3,30,4,0,122,5.14,0
0,0,-94,0,0,0,0,0.423076923,0.576923077,1,0,0,30,1,0.5,215,5.22,0
1,0,0,0,0,0,0,0.7,0.3,0,1,0,30,1,0,1,2.79,1
0,0,-53,0,0,0,0,0.723214286,0.276785714,1,1,2,30,1,0,82,4.37,0
0,0,-206,0,0,0,0,0.384615385,0.615384615,0,1,0,30,3,0.5,4,5.55,0
0,0,0,0,0,0.037037037,0,0.727272727,0.272727273,1,0,1,29,1,0.5,13,5.01,0
1,0,-382,0,0,0,0,0.266666667,0.733333333,1,1,0,10,1,1,0,4.68,0
1,0,-59,0,0,0,0,0.25,0.75,0,1,1,30,1,0.5,2,4.53,0
2,0,-52,0,0,0,0,0.210526316,0.789473684,0,1,5,30,3,0.5,3,5.72,0
0,0,-71,0,0,0.297297297,0,0.285714286,0.714285714,0,0,0,27,1,0,261,5.27,0
1,0,0,0,0,0,0,0.333333333,0.666666667,0,1,0,30,2,0.5,1,5.65,0
1,0,0,0,0,0,0,0.428571429,0.571428571,0,1,0,30,4,0,47,6.11,0
1,0,0,0,0,0,0,0.222222222,0.777777778,1,0,1,30,1,0,32,5.25,0
1,0,-257,0,0,0.352112676,0,0.428571429,0.571428571,0,1,0,30,1,1,958,5.56,0
1,0,-16,0,0,0.128205128,0,0.733333333,0.266666667,1,0,1,30,1,0.5,30,4.64,0
0,0,-41,0,0,0.93006993,0,0.235294118,0.764705882,1,1,4,15,1,0,107,5.37,0
1,0,0,0,0,0,0,0.75,0.25,0,1,1,30,1,0,0,0,1
0,0,0,0,0,0,0,0.25,0.75,0,0,0,30,1,0.5,13,5.79,0
1,0,-66,0,0,0,0,0.777777778,0.222222222,1,1,0,29,3,0,49,3.38,0
0,0,0,0,1,0,0,0.636363636,0.363636364,0,1,0,29,1,0,0,4.93,0
1,0,0,0,0,0,0,0.611111111,0.388888889,1,1,0,30,1,0.5,7,5.06,0
1,0,0,0,1,0,0,0,0,0,0,0,30,1,0,2,4.29,0
1,0,-166,0,0,0,0,0.171428571,0.828571429,1,1,3,30,4,0.5,0,3.39,0
0,0,-45,0,0,0.018867925,0,0.277777778,0.722222222,0,0,2,30,1,0.5,58,5.29,0
0,0,-27,0,1,0,0,0,0,0,1,0,30,1,0,1,5.05,0
0,0,-272,0,0,0.041198502,0,0.82,0.18,0,1,2,30,4,0,532,5.07,0
1,0,0,0,0,0,0,0.214285714,0.785714286,0,0,0,30,1,0,20,5.41,0
0,0,-86,0,0,0,0,0.307692308,0.692307692,0,0,0,30,1,0,124,4.59,0
0,0,0,0,1,0,0,0,1,0,1,0,29,4,0,0,3.24,0
0,0,-62,0,1,0,0,0.5,0.5,0,1,1,30,1,0,1,5.08,0
0,0,-49,0,0,0,0,0.066666667,0.933333333,0,1,0,29,2,0,165,5.12,0
0,0,-192,0,0,0,0,0.47826087,0.52173913,0,1,2,30,1,0,0,5.49,0
0,0,-214,0,0,0,0,0.558823529,0.441176471,0,1,1,10,3,0,4,5.08,0
0,0,-55,0,0,0,0,0.441860465,0.558139535,0,0,1,30,1,0,127,5.35,0
0,0,0,0,1,0,0,0,0,0,1,0,30,1,0,1,0,1
2,0,-262,0,0,0.186666667,0,0.363636364,0.636363636,0,1,0,20,2,0,117,4.22,0
0,0,-356,0,1,0,0,0,1,0,0,0,28,1,0,0,4.67,0
1,0,0,0,1,0,0,0.384615385,0.615384615,0,0,0,30,1,0.5,4,5,0
0,0,0,0,0,0,0,0.75,0.25,0,1,0,30,2,0,129,5.35,0
1,0,0,0,1,0,0,0.058823529,0.941176471,0,1,3,30,3,0,11,5.66,0
0,0,-63,0,0,0,0,0.733333333,0.266666667,0,1,1,30,2,0,2,5.17,0
0,0,-68,0,0,0,0,0.740740741,0.259259259,0,1,0,30,1,0.5,7,4.97,0
0,0,-375,0,0,0.988950276,0,0.486486486,0.513513514,1,1,1,10,4,0,141,4.91,0
1,0,-213,1,0,0.055934516,0,0.684210526,0.315789474,0,1,1,28,2,1,732,4.71,0
0,0,0,0,1,0,0,0,0,0,0,0,30,1,0,0,0,1
0,0,-74,0,0,0.224,0,0.037974684,0.962025316,1,1,0,30,1,0,208,3.19,0
0,0,-74,0,1,0,0,0,0,0,0,0,30,1,0,0,0,1
0,0,-235,0,0,0,0,0.5,0.5,0,0,0,30,1,0.5,1,4.77,0
3,0,-284,0,0,0,0,0.538461538,0.461538462,1,1,1,30,3,0,69,5.14,0
1,0,-65,0,0,0,0,0.294117647,0.705882353,1,1,5,23,4,0,61,10,0
0,0,-75,0,0,0,0,0.010416667,0.989583333,0,1,1,15,1,0,81,9.13,0
1,0,-189,0,0,0,0,0.111111111,0.888888889,0,1,1,30,2,0,1035,6.08,0
0,0,-75,0,0,0,0,0.066666667,0.933333333,0,1,1,11,1,0,37,9.13,0
2,0,-358,0,0,0,0,0.1,0.9,1,1,0,28,1,0,96,5.41,0
0,0,-36,0,1,0,0,0,1,0,0,0,30,1,0,3,0,0
0,0,-37,0,0,0.088888889,0,0.5,0.5,0,1,0,29,1,0,0,4.93,0
2,0,-198,0,0,0,0,0.533333333,0.466666667,0,1,1,29,2,0,16,6.61,0
1,0,0,0,0,0,0,0.535211268,0.464788732,1,1,2,30,4,0,178,6.22,0
2,0,-8,0,0,0,0,0.047619048,0.952380952,0,1,1,30,1,0.5,66,10,0
0,0,-55,0,0,0.596153846,0,0,1,0,1,1,29,1,0,50,3.11,0
2,0,0,0,0,0.8,0,0,1,0,1,0,28,1,0,6,3.36,1
1,0,-65,0,0,0,0,0.23255814,0.76744186,1,1,5,22,4,0,96,10,0
1,0,-65,0,0,0,0,0.294117647,0.705882353,1,1,5,28,4,0,61,10,0
2,0,-33,0,0,0,0,0.350877193,0.649122807,0,1,2,30,2,0,0,4.99,0
3,0,-75,0,0,0,0,0.692307692,0.307692308,1,1,1,30,1,0,10,4.33,0
0,0,-127,0,0,0,0,0.375,0.625,1,1,1,27,2,0,744,5.32,0
2,0,-8,0,0,0,0,0.047619048,0.952380952,0,1,1,30,1,0.5,28,6.92,0
1,0,-283,1,0,0,0,0.47826087,0.52173913,0,1,0,30,4,0,480,3.71,0
3,0,-165,0,0,0,0,0.444444444,0.555555556,0,1,6,29,4,0,392,6.05,0
1,0,-243,0,0,0,0,0.6875,0.3125,0,1,4,8,3,0,88,8,0
2,0,-203,0,0,0.5,0,0.5,0.5,0,1,0,3,2,0,11,5.44,0
2,0,0,0,0,0.833333333,0,0.2,0.8,0,1,1,13,4,0,16,10,0
1,0,-65,0,0,0,0,0.294117647,0.705882353,1,1,5,1,4,0,61,10,0
1,0,0,0,0,0,0,0.3,0.7,1,1,3,9,4,0,25,4.79,0
1,0,-243,0,0,0,0,0.6875,0.3125,0,1,4,5,3,0,88,8,0
2,0,-382,0,0,0,0,0.294117647,0.705882353,0,1,1,30,2,0,3,5.64,0
0,0,-75,0,0,0,0,0.045454545,0.954545455,0,1,1,11,1,0,17,9.13,0
2,0,-157,0,0,0,0,0.5,0.5,1,1,1,30,2,0,54,5.03,0
2,0,-329,0,0,0,0,0.716216216,0.283783784,0,1,5,30,4,0,140,6.22,0
1,0,-65,0,0,0,0,0.23255814,0.76744186,1,1,5,26,4,0,98,10,0
2,0,-317,0,0,0.025362319,0,0.549450549,0.450549451,1,1,1,28,2,0.5,46,5.08,0
2,0,-226,0,0,0,0,0.588235294,0.411764706,0,1,1,8,2,0,198,5.41,0
1,0,0,0,0,0,0,0.5,0.5,0,0,0,30,1,0,0,3.02,1
2,0,-161,0,0,0,0,0.538461538,0.461538462,0,1,1,30,2,0,582,6.7,0
2,0,-49,0,0,0,0,0.5,0.5,1,0,0,30,1,0,43,5.62,0
0,0,-65,0,0,0.153179191,0,0.285714286,0.714285714,1,1,0,30,1,0,319,3.99,0
1,0,-282,0,0,0,0,0.666666667,0.333333333,1,1,3,30,1,0.5,88,5.47,0
0,0,-75,0,0,0,0,0.041666667,0.958333333,0,1,1,30,1,0,19,9.13,0
1,0,-39,0,1,0,0,0,0,0,1,0,30,12,0,3,2.92,0
1,0,-207,0,0,0,0,0.5,0.5,0,0,0,30,1,0,0,2.99,0
0,0,-329,0,0,0,0,0.4,0.6,0,1,0,30,1,0,13,5.11,0
1,0,-65,0,0,0,0,0.23255814,0.76744186,1,1,5,17,4,0,98,10,0
0,0,-169,0,0,0.139534884,0,0.2,0.8,0,1,2,30,2,0.5,163,0,0
3,0,0,0,0,0,0,0.222222222,0.777777778,0,1,0,30,4,0,8,5.89,0
1,0,-45,0,0,0.5,0,0,0,0,1,0,30,4,0,2,6.11,0
0,0,-67,0,0,0.407407407,0,0.285714286,0.714285714,0,1,0,14,1,0,2,5.47,0
1,0,0,0,0,0,0,0.315789474,0.684210526,0,0,2,30,1,0,1,2.04,1
1,0,-243,0,0,0,0,0.659090909,0.340909091,0,1,4,29,3,0,68,8,0
2,0,-303,0,0,0,0,0.3,0.7,1,1,0,30,2,0,7,5.01,0
2,0,0,0,0,0,0,0,0,0,1,0,26,2,0,0,2.86,1
3,0,-8,0,0,0,0,0.047619048,0.952380952,0,1,1,30,1,0.5,66,10,0
0,0,-58,0,1,0,0,0.5,0.5,0,1,1,30,1,0,1,4.95,0
1,0,-147,0,1,0,0,0,0,0,1,0,2,1,0,3,10,0
0,0,-90,0,0,0,0,0,0,0,1,0,30,1,0,0,3.69,0
0,0,-227,0,0,0,0,0.4375,0.5625,1,1,0,30,1,0.5,43,5.19,0
2,0,-54,0,0,0,0,0.548387097,0.451612903,0,1,1,30,1,0,3,3.01,0
0,0,0,0,0,0,0,0.75,0.25,0,1,1,30,1,0,0,0,1
1,0,-88,0,0,0.862204724,0,0.875,0.125,0,1,0,25,4,0.5,22,5.53,0
3,0,-165,0,0,0,0,0.444444444,0.555555556,0,1,6,30,4,0,388,6.05,0
3,0,0,0,0,0,0,0.304347826,0.695652174,0,1,0,22,1,0,669,7.55,0
1,0,0,0,0,0,0,0.423076923,0.576923077,0,0,1,28,1,1,2,1.23,1
1,0,-38,0,0,0,0,0.24137931,0.75862069,0,1,1,30,1,0,7,1.79,0
0,0,-75,0,0,0,0,0.055555556,0.944444444,0,1,1,1,1,0,13,9.13,0
1,0,0,0,0,0,0,0.315789474,0.684210526,0,0,0,30,1,0,0,0.91,1
0,0,-51,0,1,0,0,0.5,0.5,0,1,1,30,1,0,1,4.95,0
3,0,0,0,0,0,0,0.295081967,0.704918033,1,1,1,30,3,0,34,5.44,0
0,0,-65,0,0,0.114695341,0,0.230769231,0.769230769,0,1,0,29,1,0,270,2.99,0
0,0,-145,0,1,0,0,0,0,0,1,0,5,2,0,0,5.46,0
1,0,0,0,0,0,0,0.321428571,0.678571429,1,1,0,5,1,0,520,7.15,0
3,0,-165,0,0,0,0,0.444444444,0.555555556,0,1,6,26,4,0,359,6.05,0
1,0,-84,0,0,0.428571429,0,0.355555556,0.644444444,0,1,2,30,1,0,104,4.35,0
0,0,-127,0,0,0,0,0.375,0.625,1,1,1,20,2,0,417,5.32,0
2,0,-51,0,0,0.144736842,0,0.466666667,0.533333333,1,1,3,8,2,0,84,5.77,0
0,0,-329,0,0,0,0,0.4,0.6,0,1,0,30,1,0,12,5.11,0
0,0,0,0,1,0,0,1,0,0,1,0,27,1,0,6,4.53,0
1,0,-158,0,0,0.491525424,0,0.636363636,0.363636364,0,1,1,30,3,0,0,5.12,0
0,0,-78,0,0,0,0,0.7,0.3,0,1,0,30,1,0.5,4,2.65,0
0,0,-49,0,0,0.992895204,0,0.6,0.4,0,0,0,30,1,0,744,4.68,0
2,0,0,0,1,0,0,0.222222222,0.777777778,0,0,0,28,1,0,189,2.66,1
1,0,-147,0,1,0,0,0,0,0,1,0,14,1,0,3,10,0
0,0,-48,0,1,0,0,0.5,0.5,0,1,1,30,1,0,1,0,1
2,0,0,0,0,0,0,0.538461538,0.461538462,0,1,0,29,1,0,139,2.77,1
0,0,-22,0,1,0,0,0.5,0.5,0,0,1,29,1,0,1,0,1
0,0,0,0,1,0,0,0.5,0.5,0,1,1,30,1,0,1,1.69,1
2,0,-85,0,1,0,0,0.1,0.9,0,1,5,24,1,0,1,4.85,0
1,0,0,0,1,0,0,0.5,0.5,0,0,0,30,1,0,0,2.35,0
0,0,-265,1,0,0,0,0.862068966,0.137931034,0,1,0,30,1,0.5,0,3.27,0
1,0,-49,0,0,0,0,0,1,0,0,0,29,1,0.5,2,4.98,0
1,0,0,1,0,0,0,0.4,0.6,0,0,1,30,2,0.5,37,5.66,0
0,0,-329,0,0,0,0,0.421052632,0.578947368,0,1,0,29,1,0,10,3.6,0
0,0,-75,0,0,0,0,0.027027027,0.972972973,0,1,1,12,1,0,29,9.13,0
0,0,-75,0,0,0,0,0.016949153,0.983050847,0,1,1,8,1,0,45,9.13,0
0,0,-49,0,0,0.992895204,0,0.6,0.4,0,0,0,29,1,0,744,4.68,0
2,0,-313,0,0,0,0,0.450980392,0.549019608,0,1,2,29,5,0,174,5.33,0
1,0,-43,0,0,0,0,1,0,1,0,0,30,1,0,2,3.26,0
2,0,-312,0,0,0,0,0.052631579,0.947368421,0,1,4,7,3,0,147,6.98,0
2,0,-90,0,0,0,0,0.222222222,0.777777778,1,0,1,28,1,0,29,5.25,0
0,0,-75,0,0,0,0,0.020408163,0.979591837,0,1,1,23,1,0,39,9.13,0
0,0,0,0,1,0,0,0,0,0,1,0,30,1,0,0,5.15,0
3,0,-255,0,0,0,0,0.695652174,0.304347826,0,1,1,30,2,0.5,67,5.24,0
1,0,-165,0,0,0,0,0.464285714,0.535714286,0,1,6,30,1,0,0,5.56,0
0,0,-75,0,0,0,0,0.05,0.95,0,1,1,19,1,0,17,9.13,0
0,0,-227,0,0,0,0,0.3,0.7,1,1,0,16,1,1,71,8.1,0
1,0,-220,0,0,0,0,0.702450408,0.297549592,0,1,1,30,4,0,109,7.15,0
0,0,-322,0,0,0.181818182,0,0.307692308,0.692307692,0,0,0,15,1,0,25,5.6,0
2,0,0,0,0,0,0,0.333333333,0.666666667,0,1,1,7,1,0.5,342,5.51,0
2,0,-8,0,0,0,0,0.047619048,0.952380952,0,1,1,10,1,0.5,66,10,0
1,0,-88,0,0,0,0,0.113636364,0.886363636,0,1,1,30,4,0,1,5.99,0
1,0,0,0,0,0,0,0.365384615,0.634615385,0,1,1,30,1,0,14,3.33,1
1,0,-75,0,0,0.063636364,0,0.225806452,0.774193548,0,1,0,29,1,0,212,5.83,0
1,0,-147,0,1,0,0,0,0,0,1,0,1,1,0,3,10,0
0,0,0,0,0,0,0,0.75,0.25,0,1,1,30,1,0,0,2.92,1
1,0,-65,0,0,0,0,0.23255814,0.76744186,1,1,5,28,4,0,99,10,0
1,0,-65,0,0,0,0,0.294117647,0.705882353,1,1,5,29,4,0,61,10,0
0,0,-329,0,0,0,0,0.428571429,0.571428571,0,1,0,30,1,0,25,5.11,0
2,0,-190,0,1,0,0,0,1,0,1,1,30,3,0,3,7.05,0
1,0,0,0,0,0,0,0.4,0.6,0,0,1,30,1,1,0,0,1
0,0,-351,0,0,0,0,0.6,0.4,0,1,0,30,1,0,0,2.21,0
2,0,0,0,0,0,0,0.583333333,0.416666667,0,1,1,9,2,0.5,28,3.93,0
2,0,-81,0,0,0,0,0.533333333,0.466666667,1,1,1,10,2,0,0,5.16,0
1,0,0,0,0,0.089552239,0,0.176470588,0.823529412,1,1,1,30,4,0,135,5.09,0
3,0,-165,0,0,0,0,0.444444444,0.555555556,0,1,6,2,4,0,404,6.05,0
0,0,0,0,1,0,0,0.5,0.5,0,1,1,30,1,0,1,2.72,1
0,0,-15,0,0,0,0,0.625,0.375,0,1,0,1,1,0,4,5.35,0
0,0,-262,0,1,0,0,0,1,0,1,0,29,1,0,1,4.98,0
0,0,-329,0,0,0,0,0.428571429,0.571428571,0,1,0,30,1,0,19,5.11,0
2,0,-8,0,0,0,0,0.047619048,0.952380952,0,1,1,16,1,0.5,66,10,0
0,0,0,0,1,0,0,0.5,0.5,0,0,1,30,1,0,1,2.57,1
0,0,-75,0,0,0,0,0.001436782,0.998563218,0,1,1,27,1,0,577,9.13,0
2,0,-87,0,0,0,0,0.164179104,0.835820896,1,1,1,29,2,0,0,5.15,0
0,0,-55,0,0,0.943925234,0,0.727272727,0.272727273,0,1,1,5,1,0.5,235,5.51,0
0,0,-85,0,0,0,0,0.230769231,0.769230769,1,1,0,30,1,0.5,65,4.65,0
4,0,-73,0,0,0.514440433,0,0.4,0.6,0,1,1,26,1,0,557,5.57,0
0,0,-127,0,0,0,0,0.375,0.625,1,1,1,24,2,0,283,5.32,0
0,0,-75,0,0,0,0,0.75,0.25,0,0,0,30,1,0,1,5.14,0
0,0,-291,0,0,0,0,0.358974359,0.641025641,0,1,1,30,1,0.5,7,4.24,0
0,0,0,0,1,0,0,0.5,0.5,0,0,1,29,1,0,1,2.75,1
1,0,-147,0,1,0,0,0,0,0,1,0,18,1,0,3,10,0
0,0,-35,0,0,0.861111111,0,0.8,0.2,0,0,0,30,1,0,33,4.87,0
1,0,0,0,0,0,0,0.25,0.75,0,0,1,30,1,0.5,0,1.82,1
0,0,-62,0,0,0.875,0,1,0,0,1,0,30,1,0,35,3.39,0
0,0,-63,0,0,0,0,0.363636364,0.636363636,1,1,2,30,2,0.5,705,5.56,0
2,0,0,0,0,0.145061728,0,0.452380952,0.547619048,0,1,0,25,1,0,637,5.78,0
1,0,-303,0,0,0,0,0.3,0.7,1,1,0,5,2,0,9,5.01,0
1,0,0,0,1,0,0,0.333333333,0.666666667,0,0,1,30,1,0,0,2.35,0
1,0,0,0,0,0,0,0.423076923,0.576923077,0,0,1,30,1,1,2,1.23,1
1,0,-8,0,1,0,0,0.578947368,0.421052632,0,1,1,30,1,0,20,10,0
0,0,-61,0,1,0,0,1,0,0,1,0,30,2,0,0,4.91,0
5,0,-290,1,0,0.967741935,0,0.571428571,0.428571429,0,1,2,30,1,0.5,2,4.9,0
0,0,0,0,1,0,0,0.5,0.5,0,0,1,30,1,0,1,1.6,1
0,0,-75,0,0,0,0,0.016129032,0.983870968,0,1,1,18,1,0,23,9.13,0
0,0,0,0,1,0,0,0.5,0.5,0,0,1,30,1,0,1,3.36,1
2,0,-81,0,0,0,0,0.5,0.5,1,1,1,30,2,0,0,5.17,0
1,0,-41,0,0,0.563829787,0,0.8,0.2,0,1,1,22,1,0,0,6.21,0
1,0,-89,0,0,0,0,0.5,0.5,1,1,0,30,4,0,14,4.91,0
0,0,-65,0,0,0,0,0.181818182,0.818181818,1,1,0,30,1,0,48,3.5,0
0,0,-343,0,0,0.706896552,0,0.538461538,0.461538462,0,1,1,30,4,0,64,4.96,0
1,0,0,0,1,0,0,0.333333333,0.666666667,0,0,1,30,1,0,0,3.59,0
0,0,-34,0,0,0,0,0.333333333,0.666666667,0,0,0,30,1,0,48,4.98,0
1,0,-326,0,0,0,0,0.297297297,0.702702703,1,1,3,30,4,0,55,5.14,0
3,0,-8,0,0,0,0,0.047619048,0.952380952,0,1,1,30,1,0.5,66,10,0
1,0,-78,0,0,0,0,1,0,0,1,0,30,2,0,0,2.8,0
1,0,0,0,0,0,0,0.315789474,0.684210526,0,0,2,30,1,0,1,2.04,1
4,0,0,0,0,0,0,0.514285714,0.485714286,1,1,2,20,1,0,22,5.57,0
1,0,-65,0,0,0,0,0.294117647,0.705882353,1,1,5,26,4,0,61,10,0
1,0,-88,0,0,0,0,0.2,0.8,0,1,1,30,4,0,0,5.99,0
0,0,-271,0,0,0,0,0,1,0,1,10,28,1,0,375,8.47,0
2,0,0,0,0,0.833333333,0,0.2,0.8,0,1,1,11,4,0,16,10,0
2,0,-8,0,0,0,0,0.047619048,0.952380952,0,1,1,12,1,0.5,66,10,0
0,0,-75,0,0,0,0,0.041666667,0.958333333,0,1,1,30,1,0,17,5.87,0
2,0,-60,0,0,0.476190476,0,0.125,0.875,1,1,2,30,2,0.5,0,2.59,0
0,0,-75,0,0,0,0,0.035714286,0.964285714,0,1,1,29,1,0,15,9.13,0
1,0,0,0,0,0,0,0.5,0.5,0,1,0,30,1,0,19,0,1
0,0,-75,0,0,0,0,0.066666667,0.933333333,0,1,1,9,1,0,13,9.13,0
1,0,-83,0,0,0,0,1,0,0,1,0,29,1,0,7,0,0
0,0,-180,0,0,0,0,0.6,0.4,1,1,2,30,1,0.5,90,5.14,0
0,0,-75,0,0,0,0,0.058823529,0.941176471,0,1,1,10,1,0,14,9.13,0
3,0,-37,0,0,0.182926829,0,0.681818182,0.318181818,0,1,1,30,1,0.5,0,3.99,0
3,0,-158,0,0,0.50877193,0,0.636363636,0.363636364,0,1,1,30,3,0,0,5.57,0
1,0,-58,0,0,0,0,0.645833333,0.354166667,1,1,3,23,2,0,161,5.81,0
1,0,-8,0,1,0,0,0.533333333,0.466666667,0,1,1,29,1,0,20,10,0
0,0,-89,0,1,0,0,0.5,0.5,0,1,1,30,1,0,1,5.2,0
0,0,-75,0,0,0,0,0.035714286,0.964285714,0,1,1,2,1,0,25,9.13,0
0,0,-169,0,0,0.236842105,0,0.179104478,0.820895522,1,1,2,30,2,0,82,3.9,0
0,0,0,0,1,0,0,0,0,0,1,0,29,1,0,1,3.14,1
1,0,-65,0,0,0,0,0.434782609,0.565217391,1,1,5,10,4,0,54,10,0
0,0,-67,0,0,0.072727273,0,0.587301587,0.412698413,0,0,0,30,1,0,397,2.52,1
1,0,-84,0,0,0.045454545,0,0.666666667,0.333333333,0,1,0,24,2,0.5,93,5.71,0
0,0,-209,0,0,0.346153846,0,0,1,0,1,0,29,3,0.5,197,5.66,0
1,0,-65,0,0,0,0,0.23255814,0.76744186,1,1,5,17,4,0,103,10,0
3,0,-276,0,1,0,0,0.375,0.625,0,1,3,20,1,0,0,4.67,0
1,0,-42,0,0,0.166666667,0,0.351351351,0.648648649,1,0,0,29,1,0,90,4.93,0
1,0,-243,0,0,0,0,0.659090909,0.340909091,0,1,4,14,3,0,70,8,0
0,0,0,0,1,0,0,0.5,0.5,0,1,1,30,1,0,1,3.19,1
5,0,-41,0,0,0,0,0.722222222,0.277777778,1,1,2,29,4,0.5,66,5.48,0
2,0,-8,0,0,0,0,0.047619048,0.952380952,0,1,1,4,1,0.5,66,10,0
0,0,0,0,0,0,0,0.384615385,0.615384615,0,1,0,30,1,0,5,2.45,1
1,0,-8,0,0,0,0,0.666666667,0.333333333,0,1,0,30,1,0,1,4.97,0
1,0,-81,0,0,0,0,0.441176471,0.558823529,0,0,0,28,1,0,162,3.24,0
2,0,0,0,0,0,0,0.333333333,0.666666667,1,1,2,30,1,1,0,2.01,1
2,0,-46,0,1,0,0,0.05,0.95,1,1,6,23,1,0,25,7.28,0
0,0,-65,0,0,0.995192308,0,0.142857143,0.857142857,0,1,1,6,1,0,47,2.91,0
2,0,-43,0,0,0,0,0.113636364,0.886363636,1,1,5,30,1,0.5,188,5.81,0
0,0,-58,0,1,0,0,1,0,0,0,0,30,9,0,3,4.98,0
1,0,0,0,1,0,0,0.333333333,0.666666667,0,0,1,15,1,0,0,3.17,1
1,0,-294,0,0,0,0,0.3125,0.6875,1,1,2,30,2,0,58,5.19,0
0,0,-68,0,0,0,0,0,1,0,0,0,30,1,0,4,2.64,0
2,0,-80,0,0,0,0,0.133333333,0.866666667,1,1,2,14,1,0,0,5.04,0
0,0,-75,0,0,0,0,0.066666667,0.933333333,0,1,1,21,1,0,12,9.13,0
0,0,-75,0,0,0,0,0.02173913,0.97826087,0,1,1,10,1,0,13,9.13,0
0,0,0,0,0,0,0,0,0,0,0,0,29,1,0,0,2.9,1
1,0,0,0,1,0,0,1,0,0,0,0,29,1,0,6,2.35,0
1,0,0,1,0,0,0,0.4,0.6,0,0,1,5,2,0.5,38,5.66,0
0,0,0,0,1,0,0,0.5,0.5,0,0,1,29,1,0,1,1.49,1
2,0,0,0,0,0,0,0.178571429,0.821428571,1,1,0,30,1,0,227,3.17,1
1,0,-243,0,0,0,0,0.680851064,0.319148936,0,1,4,11,3,0,80,8,0
1,0,-65,0,0,0,0,0.23255814,0.76744186,1,1,5,12,4,0,99,10,0
1,0,-223,0,0,0,0,0.368421053,0.631578947,1,1,3,30,4,0,53,6.29,0
1,0,-288,0,0,0,0,0.357142857,0.642857143,1,1,1,12,1,0,0,5.74,0
1,0,0,0,0,0,0,0.291666667,0.708333333,0,1,0,17,1,0,812,7.55,0
1,0,0,0,1,0,0,1,0,0,0,0,30,1,0,0,0,1
1,0,-186,0,0,0,0,0.71875,0.28125,0,1,0,30,4,0,23,7.28,0
0,0,-127,0,0,0,0,0.375,0.625,1,1,1,11,2,0,567,5.32,0
0,0,0,0,0,0,0,0,1,0,0,0,29,1,0.5,5,1.75,1
2,0,-218,0,0,0.585106383,0,0.571428571,0.428571429,1,1,2,28,1,0,39,5.07,0
1,0,-288,0,0,0,0,0.333333333,0.666666667,1,1,1,30,4,0,65,8.32,0
3,0,0,0,0,0.245283019,0,0.152542373,0.847457627,1,1,1,29,1,0,106,5.3,0
1,0,-50,0,0,0,0,0.6,0.4,0,1,0,30,1,0,31,3.44,0
4,0,-144,0,0,0.844444444,0,0.153846154,0.846153846,1,1,8,29,4,0,0,5.2,0
2,0,-277,0,0,0.071186441,0,0.556818182,0.443181818,1,1,1,30,2,0.5,54,5.77,0
0,0,-65,0,0,0,0,0.411764706,0.588235294,1,1,0,30,1,0.5,229,5.04,0
1,0,-65,0,0,0,0,0.23255814,0.76744186,1,1,5,8,4,0,100,10,0
0,0,-51,0,1,0,0,0.5,0.5,0,0,1,26,1,0,1,2.28,1
1,0,-34,0,0,0,0,0.133333333,0.866666667,1,1,2,30,4,0,328,5.87,0
3,0,-55,0,0,0,0,0.5,0.5,1,1,3,30,1,0,73,5.85,0
2,0,-88,0,0,0,0,0.113636364,0.886363636,0,1,1,21,4,0,0,5.53,0
3,0,-207,0,0,0,0,0.789473684,0.210526316,1,1,1,29,4,0,105,6.31,0
0,0,-75,0,0,0,0,0.066666667,0.933333333,0,1,1,21,1,0,12,9.13,0
0,0,-36,0,1,0,0,0,0,1,1,0,9,2,0,0,5.33,0
1,0,-303,0,0,0,0,0.3,0.7,1,1,0,30,2,0,9,5.01,0
2,0,-8,0,0,0,0,0.047619048,0.952380952,0,1,1,25,1,0.5,66,10,0
4,0,0,0,0,0.038461538,0,0.48,0.52,0,0,2,12,2,0,0,3.11,1
0,0,-75,0,0,0,0,0.055555556,0.944444444,0,1,1,7,1,0,15,9.13,0
3,0,-61,0,0,0.12,0,0.264705882,0.735294118,0,1,0,30,3,0,69,5.37,0
2,0,-223,0,1,0,0,0,0,0,1,0,30,4,0,0,5.02,0
0,0,-60,0,0,0.875,0,1,0,0,1,0,29,1,0,33,3.8,0
2,0,-61,0,0,0.01242236,0,0.269230769,0.730769231,0,1,0,21,3,0,28,5.37,0
1,0,-303,0,0,0,0,0.3,0.7,1,1,0,30,2,0,9,5.01,0
0,0,-81,0,1,0,0,0.5,0.5,0,0,1,29,1,0,1,2.85,0
1,0,-243,0,0,0,0,0.673913043,0.326086957,0,1,4,1,3,0,76,8,0
0,0,-197,0,0,0.75,0,0,0,0,1,0,30,1,0,5,5.12,0
2,0,-62,0,1,0,0,0.181818182,0.818181818,0,1,0,30,1,0,0,5.89,0
1,0,0,0,1,0,0,0.5,0.5,0,1,1,29,1,0,0,2.3,1
2,0,0,0,0,0.419354839,0,0.35,0.65,0,1,2,28,2,0,7,3.16,1
3,0,-59,0,0,0,0,0.552631579,0.447368421,0,1,6,30,1,0,40,5.04,0
1,0,0,0,0,0.114285714,0,0.448275862,0.551724138,0,0,0,30,1,0,116,2.74,1
0,0,-75,0,0,0,0,0.071428571,0.928571429,0,1,1,30,1,0,19,5.51,0
2,0,-309,0,0,0,0,0.862745098,0.137254902,0,1,0,30,3,0,4,5.31,0
2,0,-8,0,0,0,0,0.047619048,0.952380952,0,1,1,14,1,0.5,28,6.92,0
0,0,-216,0,1,0,0,0.666666667,0.333333333,0,0,1,30,1,0,6,4.99,0
1,0,-63,0,0,0.291666667,0.083333333,0.333333333,0.583333333,0,1,0,28,4,0.5,11,4.08,0
3,0,0,0,0,0,0,0.421052632,0.578947368,0,1,0,23,1,0.5,33,3.77,1
1,0,-147,0,1,0,0,0,0,0,1,0,16,1,0,3,10,0
2,0,0,0,0,0,0,0.397058824,0.602941176,1,0,2,30,1,0,0,2.92,1
1,0,-145,0,1,0,0,0,0,0,1,0,1,2,0,0,6.25,0
2,0,-157,0,0,0,0,0.5,0.5,1,1,1,11,2,0,54,5.03,0
1,0,-46,0,0,0,0,0.153846154,0.846153846,0,1,2,30,1,0.5,18,6.53,0
2,0,0,0,0,0,0,0.1875,0.8125,0,1,0,30,1,0,140,1.6,1
2,0,-234,0,0,0.076923077,0,0.192307692,0.807692308,1,1,3,28,1,0,0,6.12,0
0,0,-75,0,0,0,0,0.0625,0.9375,0,1,1,5,1,0,8,7.42,0
0,0,-145,0,1,0,0,0,0,0,1,0,29,2,0,0,6.25,0
1,0,-36,0,0,0,0,0.608695652,0.391304348,1,1,1,28,2,0,135,4.01,0
0,0,-88,0,1,0,0,0.6,0.4,0,1,1,30,2,0,1,3.01,0
0,0,-75,0,0,0,0,0.025641026,0.974358974,0,1,1,19,1,0,32,9.13,0
1,0,-84,0,0,0.179245283,0,0.166666667,0.833333333,0,0,0,29,1,0,130,2.92,0
0,0,-127,0,0,0,0,0.375,0.625,1,1,1,17,2,0,336,5.32,0
1,0,-59,0,0,0,0,0,1,0,1,3,29,1,0,0,5.46,0
0,0,-202,0,0,0,0,0.6,0.4,0,1,0,30,2,0,3,5.01,0
1,0,-297,0,0,0.05625,0,0.625,0.375,1,1,0,30,2,0,18,5.36,0
1,0,-31,0,0,0,0,0.40625,0.59375,0,0,0,29,1,0,217,4.25,0
0,0,0,0,1,0,0,0,0,0,0,0,30,1,0,0,3.41,0
2,0,0,0,0,0,0,0.235294118,0.764705882,1,1,0,30,4,0,9,5.94,0
1,0,-65,0,0,0,0,0.23255814,0.76744186,1,1,5,23,4,0,100,10,0
0,0,-164,0,1,0,0,0.5,0.5,0,1,1,30,1,0,1,3.87,0
1,0,-8,0,1,0,0,0.578947368,0.421052632,0,1,1,30,1,0,20,10,0
2,0,-62,0,1,0,0,0.181818182,0.818181818,0,1,0,30,1,0,0,5.3,0
1,0,-147,0,1,0,0,0,0,0,1,0,28,1,0,3,10,0
0,0,-75,0,0,0,0,0.066666667,0.933333333,0,1,1,19,1,0,9,9.13,0
0,0,-75,0,0,0,0,0.025641026,0.974358974,0,1,1,7,1,0,20,9.13,0
0,0,-81,0,0,0.981520591,0,0.5,0.5,0,0,0,30,1,0,80,5.04,0
1,0,-79,0,0,0,0,0.705882353,0.294117647,0,1,1,30,4,0,9,4.06,0
1,0,0,0,0,0.224137931,0,0.411764706,0.588235294,0,1,0,30,1,0,93,2.75,1
0,0,-74,0,0,0.132450331,0,0.482758621,0.517241379,0,1,1,30,2,0,77,8.84,0
1,0,-196,0,0,0,0,0.230769231,0.769230769,1,1,1,30,4,0,0,6.86,0
2,0,0,0,0,0.963768116,0,0.351351351,0.648648649,0,0,2,30,1,0.5,238,2.82,1
1,0,0,0,1,0,0,0.5,0.5,0,0,0,29,1,0,0,3.59,0
0,0,-238,0,0,0.317757009,0,0.285714286,0.714285714,1,0,1,28,1,0.5,124,0,0
2,0,0,0,0,0.257309942,0,0.470588235,0.529411765,1,0,1,26,1,0.5,233,5.76,0
0,0,0,0,1,0,0,0.5,0.5,0,1,1,30,1,0,1,3.67,1
0,0,-65,0,0,0.358695652,0,0.285714286,0.714285714,1,1,0,30,1,0,79,2.75,0
0,0,0,0,1,0,0,0.5,0.5,0,1,1,30,1,0,1,0,1
0,0,-83,0,1,0,0,0.5,0.5,0,1,1,29,1,0,1,4,0
0,0,-303,0,0,0,0,0.473684211,0.526315789,0,1,0,30,1,0,146,3.85,0
2,0,-266,0,0,0,0,0.592592593,0.407407407,0,1,1,10,1,0,101,6.37,0
1,0,-33,0,0,0,0,0.071428571,0.928571429,1,1,0,30,1,0,61,5.74,0
2,0,-81,0,0,0,0,0.5,0.5,1,1,1,30,2,0,0,5.17,0
1,0,-65,0,0,0,0,0.23255814,0.76744186,1,1,5,9,4,0,182,10,0
0,0,-167,0,0,0,0,0.215686275,0.784313725,1,1,1,30,1,0,17,2.92,0
1,0,-56,0,0,0,0,0.578947368,0.421052632,0,1,0,30,1,0,38,4.88,0
1,0,-243,0,0,0,0,0.6875,0.3125,0,1,4,12,3,0,84,8,0
2,0,-81,0,0,0,0,0.533333333,0.466666667,1,1,1,29,2,0,0,5.16,0
1,0,0,0,0,0.073170732,0,0.446428571,0.553571429,0,1,0,28,1,0.5,84,2.77,1
2,0,-147,0,1,0,0,0,0,0,1,0,29,1,0,3,10,0
1,0,-65,0,0,0,0,0.23255814,0.76744186,1,1,5,12,4,0,102,10,0
0,0,-329,0,0,0,0,0.4,0.6,0,1,0,29,1,0,13,5.11,0
0,0,-75,0,0,0,0,0.0625,0.9375,0,1,1,30,1,0,11,9.13,0
0,0,-84,0,0,0,0,0.2,0.8,0,0,0,30,1,0,1,5.27,0
1,0,-12,0,0,0,0,0.612903226,0.387096774,0,1,0,6,3,0,6,4.61,0
1,0,-88,0,0,0,0,0.181818182,0.818181818,1,1,1,28,1,0,0,5.28,0
1,0,-38,0,0,0.682926829,0,0,0,0,0,0,30,1,0,2,3.33,0
0,0,-75,0,0,0,0,0.008130081,0.991869919,0,1,1,28,1,0,104,9.13,0
1,0,-47,0,0,0.00591716,0,0.2,0.8,0,0,1,30,1,0,255,4.93,0
0,0,-75,0,0,0,0,0.016949153,0.983050847,0,1,1,16,1,0,52,9.13,0
1,0,-65,0,0,0,0,0.23255814,0.76744186,1,1,5,23,4,0,97,10,0
0,0,-75,0,0,0,0,0.0625,0.9375,0,1,1,12,1,0,14,9.13,0
0,0,0,0,0,0,0,0.8,0.2,0,1,1,30,1,0,0,0,1
2,0,0,0,0,0,0,1,0,0,1,0,30,2,0,0,2.76,1
0,0,-65,0,0,0,0,0.25,0.75,1,1,0,30,1,0,152,4.88,0
1,0,-65,0,0,0,0,0.23255814,0.76744186,1,1,5,14,4,0,97,10,0
2,0,0,0,0,0.095238095,0,0.352941176,0.647058824,1,1,1,20,3,0,7,1.62,1
3,0,0,0,0,0.153374233,0,0.055555556,0.944444444,0,1,2,27,1,0,329,3.14,1
2,0,-160,0,0,0,0,0.411764706,0.588235294,1,1,0,30,2,0.5,77,6.73,0
1,0,0,0,0,0,0,0.541666667,0.458333333,0,0,2,20,1,0.5,0,2.55,1
0,0,0,0,1,0,0,0.5,0.5,0,0,1,30,1,0,1,2.57,1
1,0,-152,0,0,0,0,0,1,0,1,0,23,3,0,10,8.68,0
4,0,0,0,0,0,0,0.514285714,0.485714286,1,1,2,20,1,0,31,5.57,0
0,0,0,0,1,0,0,0.428571429,0.571428571,0,0,1,29,1,0,1,0,1
1,0,0,1,0,0,0,0.393442623,0.606557377,0,0,1,28,2,0.5,38,5.66,0
0,0,0,0,1,0,0,0.428571429,0.571428571,0,0,1,29,1,0,1,0,1
0,0,-240,0,0,0.084210526,0,0.466666667,0.533333333,0,1,0,30,3,0,168,7.42,0
0,0,-56,0,0,0.029411765,0,0.8,0.2,1,0,0,30,1,0.5,105,1.87,1
2,0,-54,0,0,0.047619048,0,0.25,0.75,0,0,1,30,1,0,0,5.08,0
