redirects,not_indexed_by_google,certificate_age,email_submission,request_url_percentage,url_anchor_percentage,meta_percentage,script_percentage,link_percentage,mouseover_changes,right_click_disabled,popup_window_has_text_field,use_iframe,has_suspicious_port,external_favicons,TTL,ip_address_count,TXT_record,check_sfh,count_domain_occurrences,domain_registration_length,abnormal_url,age_of_domain,is_malicious,page_rank_decimal
1,0,0,0,0,0.5921787709497207,0,0.4242424242424242,0.5757575757575758,0,0,0,0,0,0,30,1,0,0,189,0,0,-1,0,5.07
1,0,0,0,0,0,0,0.5,0.5,0,0,0,0,1,0,30,2,0,0.5,0,0,0,-1,1,2.77
0,0,0,0,0,0,0,0.6666666666666666,0.3333333333333333,0,0,0,0,1,1,30,2,0,0,0,0,0,-1,1,
0,0,-88,0,0,0,0,0.35,0.65,0,0,0,0,0,0,30,1,0,0,221,0,0,-1,0,5.14
1,0,0,0,0,0,0,0.3333333333333333,0.6666666666666666,0,0,0,0,1,2,5,1,0,0,80,0,0,-1,0,5.47
0,0,-145,0,1,0,0,0,0,0,0,0,0,1,0,30,1,0,0,0,0,0,-1,0,5.25
1,0,0,0,0,0,0,0.2941176470588235,0.7058823529411765,0,0,0,1,1,1,20,2,0,0,0,0,0,-1,0,4.63
0,0,-316,0,0,0.4166666666666667,0,0.6222222222222222,0.3777777777777777,0,0,0,1,1,1,30,3,0,0,15,0,0,-1,0,5.36
0,0,-266,0,0,0,0,0.5833333333333334,0.4166666666666667,0,0,0,0,0,0,30,1,0,0.5,37,0,0,-1,0,4.46
1,0,0,0,0,0,0,0.25,0.75,0,0,0,1,1,0,30,3,0,0,4,0,0,-1,1,8.17
1,0,-284,0,0,0,0,0.6153846153846154,0.3846153846153846,0,0,0,1,1,1,30,5,0,0,7,0,0,-1,0,4.94
0,0,-318,0,0,0.25,0,0.2666666666666666,0.7333333333333333,0,0,0,1,1,5,30,4,0,0.5,141,0,0,-1,0,5.03
0,0,-32,0,0,0.9767441860465116,0,0.3611111111111111,0.6388888888888888,0,0,0,0,1,0,30,2,0,0,127,0,0,-1,0,4.91
0,0,0,0,0,0,0,0.689922481,0.3100775193798449,0,0,0,1,1,0,30,1,0,0,390,0,0,-1,0,5.1
1,0,0,0,0,0,0,0.6818181818181818,0.3181818181818182,0,0,0,1,1,1,30,2,0,0,0,0,0,-1,0,3.4
0,0,0,0,0,0.068181818,0,0.3076923076923077,0.6923076923076923,0,0,0,0,0,0,30,1,0,0,134,0,0,-1,0,2.89
1,0,-83,1,0,0,0,0.8,0.2,0,0,0,0,1,0,30,1,0,0.5,155,0,0,-1,0,4.78
0,0,-390,0,0,0,0,0.4347826086956521,0.5652173913043478,0,0,0,1,1,1,30,1,0,0,138,0,0,-1,0,5.23
1,0,-60,0,0,0,0,0.3333333333333333,0.6666666666666666,0,0,0,1,1,0,30,2,0,1,224,0,0,-1,0,4.3
0,0,-163,0,0,0.066666667,0,0.6666666666666666,0.3333333333333333,0,0,0,0,1,0,29,3,0,0,29,0,0,-1,0,3.99
3,0,0,0,0,0,0,0.4722222222222222,0.5277777777777778,0,0,0,0,1,5,30,2,0,0,7,0,0,-1,1,3.21
1,0,-47,0,0,0,0,0.625,0.375,0,0,0,0,1,0,30,1,0,0.5,339,0,0,-1,0,4.5
0,0,-343,0,0,0,0,0.5,0.5,0,0,0,0,0,1,30,1,0,0,1,0,0,-1,0,5.05
0,0,-66,0,0,0,0,0.4117647058823529,0.5882352941176471,0,0,0,0,1,0,30,1,0,0,13,0,0,-1,0,3.63
0,0,-85,0,0,0,0,0.3333333333333333,0.6666666666666666,0,0,0,0,1,1,30,1,0,0.5,77,0,0,-1,0,5.28
0,0,-176,0,0,0.16091954,0,0.4285714285714285,0.5714285714285714,0,0,0,1,0,1,30,1,0,0,10,0,0,-1,0,5.33
2,0,0,0,0,0.2321428571428571,0,0.6,0.4,0,0,0,1,0,0,29,1,0,0.5,10,0,0,-1,0,4.61
0,0,0,0,0,0,0,0.75,0.25,0,0,0,0,1,0,29,1,0,0,36,0,0,-1,0,5.07
0,0,0,0,0,0.058823529,0,0.5,0.5,0,0,0,0,0,0,30,1,0,0,6,0,0,-1,0,5.04
0,0,0,0,0,0.9166666666666666,0,0.75,0.25,0,0,0,0,1,1,30,1,0,0,12,0,0,-1,1,
3,0,-294,0,0,0.8275862068965517,0,0.782608696,0.217391304,0,0,0,1,1,1,28,3,0,0,7,0,0,-1,0,5.12
1,0,0,0,0,0,0,0.7647058823529411,0.2352941176470588,0,0,0,0,0,0,30,1,0,0,8,0,0,-1,0,4.21
1,0,-40,0,0,0,0,0.3571428571428571,0.6428571428571429,0,0,0,1,1,0,30,1,0,0.5,13,0,0,-1,0,5.72
0,0,-51,0,0,0,0,1,0,0,0,0,0,1,0,30,1,0,0,0,0,0,-1,0,4.88
2,0,0,0,0,0,0,0.240506329,0.759493671,0,0,0,1,1,1,30,1,0,0.5,0,0,0,-1,1,4.35
0,0,-58,0,0,0.2136752136752136,0,0.4,0.6,0,0,0,1,1,3,30,1,0,0,219,0,0,-1,0,5.01
0,0,-71,0,0,0.3709677419354839,0,0.25,0.75,0,0,0,0,0,0,30,1,0,0.5,60,0,0,-1,0,5.57
0,0,-62,0,0,0.2635658914728682,0,0.2631578947368421,0.7368421052631579,0,0,0,0,1,2,30,2,0,0,71,0,0,-1,0,5.33
0,0,-116,0,1,0,0,1,0,0,0,0,1,1,0,30,4,0,0,0,0,0,-1,0,4.04
0,0,0,0,1,0,0,0,0,0,0,0,0,0,0,29,1,0,0,0,0,0,-1,0,4.8
3,0,0,0,0,0,0,0.3333333333333333,0.6666666666666666,0,0,0,1,1,1,30,2,0,0,0,0,0,-1,0,3.25
1,0,-286,0,0,0.2435897435897435,0,0.2631578947368421,0.7368421052631579,0,0,0,1,1,3,29,2,0,0,0,0,0,-1,0,5.25
0,0,-50,0,0,0,0,0.2553191489361702,0.7446808510638298,0,0,0,1,0,5,29,1,0,0,369,0,0,-1,0,3.98
3,0,0,0,0,0,0,0.5,0.5,0,0,0,1,1,2,29,2,0,0,3,0,0,-1,0,6.6
0,0,-283,0,0,0,0,0.4545454545454545,0.5454545454545454,0,0,0,1,1,0,28,3,0,0,129,0,0,-1,0,4.88
3,0,-198,0,1,0,0,0,1,0,0,0,0,1,0,30,1,0,0,0,0,0,-1,0,5.19
1,0,-34,0,0,0,0.066666667,0.3333333333333333,0.6,0,0,0,0,1,4,19,2,0,0,3,0,0,-1,0,5.19
0,0,-90,0,0,0,0,0.4375,0.5625,0,0,0,0,1,1,30,2,0,0,5,0,0,-1,0,5
0,0,-200,0,0,0,0,0.6086956521739131,0.391304348,0,0,0,0,1,1,30,4,0,0.5,16,0,0,-1,0,6.31
0,0,-307,0,0,0.1596638655462184,0,0.4791666666666667,0.5208333333333334,0,0,0,0,1,0,30,1,0,0,499,0,0,-1,0,5.07
0,0,0,0,0,0,0,0,0,0,0,0,0,1,0,30,1,0,0,3,0,0,-1,1,
1,0,0,0,0,0,0,0.5,0.5,0,0,0,0,1,0,30,2,0,0.5,0,0,0,-1,1,
0,0,0,0,0,0.083333333,0,0.32,0.68,0,0,0,0,0,0,30,1,0,0,44,0,0,-1,0,5
0,0,-65,0,0,0.1428571428571428,0,0.3333333333333333,0.6666666666666666,0,0,0,0,0,0,30,1,0,0,15,0,0,-1,0,5.09
0,0,-105,0,1,0,0,0.7397260273972602,0.2602739726027397,0,0,0,0,1,4,30,2,0,0,3,0,0,-1,0,4.24
0,0,0,0,1,0,0,0,0,0,0,0,0,1,0,30,1,0,0,0,0,0,-1,0,3.12
0,0,-11,0,0,0,0,0.4615384615384615,0.5384615384615384,0,0,0,1,1,1,30,1,0,0.5,2,0,0,-1,0,4.7
0,0,-36,0,0,0,0,0.2083333333333333,0.7916666666666666,0,0,0,1,0,0,30,1,0,0,162,0,0,-1,0,5.23
1,0,0,0,1,0,0,0,0,0,0,0,0,1,0,30,4,0,0,0,0,0,-1,0,4.94
0,0,-297,0,0,0.8461538461538461,0,0,0,0,0,0,0,1,0,30,3,0,0,8,0,0,-1,0,5.25
1,0,0,0,0,0,0,0.5263157894736842,0.4736842105263157,0,0,0,0,0,2,27,1,0,0.5,7,0,0,-1,0,5.24
0,0,-309,0,0,0,0,0.5333333333333333,0.4666666666666667,0,0,0,1,1,2,4,3,0,0.5,3,0,0,-1,0,5.59
2,0,0,0,1,0,0,0.3333333333333333,0.6666666666666666,0,0,0,0,1,2,8,3,0,0,2,0,0,-1,0,4.63
3,0,-74,0,0,0.084269663,0,0.4375,0.5625,0,0,0,1,1,0,28,2,0,0,806,0,0,-1,0,5.34
2,0,0,0,1,0,0,0.4285714285714285,0.5714285714285714,0,0,0,0,1,0,30,2,0,0.5,0,0,0,-1,0,4.14
2,0,-287,0,0,0,0,0.25,0.75,0,0,0,0,1,3,26,1,0,0.5,0,0,0,-1,1,0
0,0,-38,0,0,0.018181818,0,0.5,0.5,0,0,0,0,0,0,30,1,0,0,1,0,0,-1,0,5.02
1,0,0,0,1,0,0,0,0,0,0,0,0,0,0,5,1,0,0,0,0,1,-1,1,
3,0,0,0,0,0,0,0.6811594202898551,0.3188405797101449,0,0,0,0,1,3,30,1,0,0.5,593,0,0,-1,1,4.23
0,0,0,0,0,0.9390243902439024,0,0.7,0.3,0,0,0,0,1,0,30,10,0,0,15,0,0,-1,0,4.04
1,0,-306,0,0,0,0,0.4705882352941176,0.5294117647058824,0,0,0,1,0,4,28,1,0,1,0,0,0,-1,0,3.57
1,0,-343,0,0,0,0,0.3666666666666666,0.6333333333333333,0,0,0,1,0,0,29,1,0,0,126,0,0,-1,0,5.15
1,0,0,0,0,0,0,0.1833333333333333,0.8166666666666667,0,0,0,0,1,6,30,2,0,0,0,0,0,-1,0,5.37
0,0,0,0,1,0,0,0.3333333333333333,0.6666666666666666,0,0,0,0,1,1,30,1,0,0,0,0,0,-1,1,
1,0,-66,0,0,0,0,0.2777777777777778,0.7222222222222222,0,0,0,1,1,0,30,1,0,0,117,0,0,-1,0,4.07
0,0,-38,0,0,0,0,0.5573770491803278,0.4426229508196721,0,0,0,0,0,5,30,1,0,0.5,5,0,0,-1,0,5.64
1,0,-242,0,0,0,0,0.5,0.5,0,0,0,1,1,1,30,1,0,0,20,0,0,-1,0,5.11
0,0,-337,1,0,0,0,0.25,0.75,0,0,0,1,1,1,20,2,0,0.5,8,0,0,-1,0,5.24
1,0,-333,0,0,0.5,0,0.6,0.4,0,0,0,0,1,1,19,2,0,0,1,0,0,-1,0,3.52
1,0,0,0,0,0,0,0.5,0.5,0,0,0,1,0,0,29,1,0,0,2,0,0,-1,0,5.29
1,0,-48,0,0,0,0,0.066666667,0.9333333333333332,0,0,0,0,1,2,28,2,0,0,3,0,0,-1,0,3.54
1,0,0,0,1,0,0,0.5714285714285714,0.4285714285714285,0,0,0,0,0,1,30,1,0,0,4,0,0,-1,0,4.95
1,0,-76,0,0,0,0,0.2413793103448276,0.7586206896551724,0,0,0,1,1,1,30,1,0,0,4,0,0,-1,0,5.03
0,0,-305,0,0,0,0,1,0,0,0,0,0,1,0,29,3,0,0,4,0,0,-1,0,3.97
3,0,-106,0,0,0,0,0.217391304,0.782608696,0,0,0,1,0,2,28,1,0,1,6,0,0,-1,0,4.29
1,0,-16,0,0,0,0,0.5,0.5,0,0,0,1,1,1,19,3,0,0,3,0,0,-1,0,5
0,0,-102,0,0,0,0,0,1,0,0,0,0,1,0,30,1,0,0,2,0,0,-1,0,6.45
2,0,-44,0,0,0.1655773420479303,0,0.5652173913043478,0.4347826086956521,0,0,0,1,1,1,29,1,0,0,0,0,0,-1,0,5.27
0,0,-292,0,0,0,0,0.7692307692307693,0.2307692307692307,0,0,0,0,1,0,29,1,0,0,2,0,0,-1,0,5.31
0,0,-255,0,0,0,0,0.3809523809523809,0.6190476190476191,0,0,0,1,1,0,29,2,0,0.5,420,0,0,-1,0,4.83
0,0,-39,0,0,0.041666667,0,0.3793103448275862,0.6206896551724138,0,0,0,1,0,0,30,1,0,0,166,0,0,-1,0,5.29
4,0,0,0,0,0,0,0.7,0.3,0,0,0,0,1,1,29,3,0,0.5,0,0,0,-1,0,5.32
1,0,0,0,1,0,0,0.5,0.5,0,0,0,0,1,0,30,2,0,0,0,0,0,-1,0,4.25
4,0,0,0,0,0,0,0.6363636363636364,0.3636363636363636,0,0,0,1,1,1,29,4,0,0,0,0,0,-1,0,4.14
1,0,0,0,0,0,0,0.5,0.5,0,0,0,0,0,0,25,1,0,0,7,0,0,-1,0,4.88
1,0,-47,0,0,0.1805555555555555,0,0.75,0.25,0,0,0,1,1,0,30,2,0,0,99,0,0,-1,0,4.7
0,0,-50,0,0,0,0,0.2608695652173913,0.7391304347826086,0,0,0,0,0,5,29,1,0,0,63,0,0,-1,0,3.98
1,0,-82,0,0,0,0,0.4,0.6,0,0,0,0,1,3,30,2,0,0,66,0,0,-1,0,5.51
1,0,-105,0,0,0,0,0.1428571428571428,0.8571428571428571,0,0,0,1,1,4,30,1,0,0,35,0,0,-1,0,5.37
1,0,-86,0,0,0,0,0.175,0.825,0,0,0,0,0,2,27,1,0,0,45,0,0,-1,0,5.03
0,0,-33,0,1,0,0,0.079365079,0.9206349206349206,0,0,0,0,1,0,30,2,0,0,62,0,0,-1,0,4.85
1,0,-280,0,0,0.2564102564102564,0,0.6666666666666666,0.3333333333333333,0,0,0,1,1,1,30,2,0,0,32,0,0,-1,0,3.95
1,0,0,0,0,0.8290155440414507,0,0.2857142857142857,0.7142857142857143,0,0,0,0,0,3,26,2,0,0,0,0,0,-1,0,4.9
2,0,0,0,0,0,0,0.3555555555555555,0.6444444444444445,0,0,0,0,1,1,27,1,0,0.5,0,0,0,-1,0,3.05
1,0,-186,0,0,0,0,0.1666666666666666,0.8333333333333334,0,0,0,1,1,1,20,1,0,0,29,0,0,-1,0,5.98
1,0,-133,0,1,0,0,0.4615384615384615,0.5384615384615384,0,0,0,1,1,1,11,4,0,0,0,0,0,-1,0,5.88
1,0,0,0,0,0,0,0.2666666666666666,0.7333333333333333,0,0,0,0,1,1,30,1,0,0.5,9,0,0,-1,0,5.23
1,0,-234,0,0,0.2641509433962264,0,0.5,0.5,0,0,0,1,0,1,26,1,0,0,98,0,0,-1,0,3.32
1,0,-75,0,0,0,0,0.1481481481481481,0.8518518518518519,0,0,0,1,0,3,29,1,0,0,3,0,0,-1,0,5.18
1,0,0,0,0,0,0,0.6363636363636364,0.3636363636363636,0,0,0,0,1,0,30,3,0,0.5,31,0,0,-1,0,5.72
0,0,-311,0,0,0,0,0.5,0.5,0,0,0,1,1,3,30,4,0,0,49,0,0,-1,0,5.57
1,0,-78,0,0,0,0,0.1666666666666666,0.8333333333333334,0,0,0,0,1,6,30,2,0,0,0,0,0,-1,0,4.76
2,0,0,0,0,0.1395348837209302,0,0.3902439024390244,0.6097560975609756,0,0,0,0,1,0,30,1,0,1,109,0,0,-1,1,3.59
7,0,0,0,0,0.06557377,0,0.4782608695652174,0.5217391304347826,0,0,0,0,1,1,17,1,0,0,25,0,0,-1,0,5.92
2,0,-66,0,0,0,0,0.3666666666666666,0.6333333333333333,0,0,0,1,0,1,26,1,0,0.5,0,0,0,-1,0,4.91
0,0,-67,0,0,0,0,0.8181818181818182,0.1818181818181818,0,0,0,1,1,0,30,1,0,0,393,0,0,-1,0,5.04
2,0,-223,0,0,0.8827586206896552,0,0.75,0.25,0,0,0,0,1,1,30,12,0,0,51,0,0,-1,0,4.98
2,0,-378,1,0,0,0,0.6,0.4,0,0,0,1,1,3,29,1,0,0.5,22,0,0,-1,0,5.1
2,0,0,0,0,0.4629629629629629,0,0.4134615384615384,0.5865384615384616,0,0,0,1,1,0,30,1,0,0,279,0,0,-1,0,4.35
0,0,-60,0,0,0,0,0.2631578947368421,0.7368421052631579,0,0,0,1,1,4,20,1,0,0,24,0,0,-1,0,6.29
0,0,0,0,1,0,0,0,0,0,0,0,0,0,0,29,1,0,0,0,0,0,-1,0,5.14
0,0,-261,0,0,0,0,0.8,0.2,0,0,0,0,1,1,30,8,0,0,0,0,0,-1,0,5.38
1,0,0,0,1,0,0,0.5,0.5,0,0,0,0,1,0,30,2,0,0,0,0,0,-1,1,2.52
0,0,-250,0,0,0,0,0.6666666666666666,0.3333333333333333,0,0,0,1,1,1,28,1,0,0,15,0,0,-1,0,5.03
0,0,-214,0,1,0,0,0,0,0,0,0,0,1,0,20,1,0,0,0,0,0,-1,0,6.61
0,0,-51,0,0,0,0,0.071428571,0.9285714285714286,0,0,0,1,1,2,30,1,0,0,272,0,0,-1,0,4.28
0,0,-72,0,0,0,0,0.3333333333333333,0.6666666666666666,0,0,0,0,1,0,30,2,0,0,3,0,0,-1,0,5.25
0,0,-253,0,0,0,0,0.3225806451612903,0.6774193548387096,0,0,0,1,1,0,30,3,0,0,53,0,0,-1,0,4.84
0,0,-55,0,1,0,0,0,1,0,0,0,0,0,0,30,1,0,0,0,0,0,-1,0,5.41
2,0,0,0,0,0.6967592592592593,0,0.3,0.7,0,0,0,0,1,4,14,2,0,0,5,0,0,-1,0,4.9
1,0,-226,0,0,0,0,0,0,0,0,0,0,0,0,30,1,0,0,4,0,0,-1,0,4.98
1,0,-48,0,0,0,0,0.625,0.375,0,0,0,0,1,0,30,1,0,0.5,73,0,0,-1,0,4.78
2,0,0,0,1,0,0,0.2857142857142857,0.7142857142857143,0,0,0,0,0,1,27,1,0,0,0,0,0,-1,0,4.9
0,0,-52,0,0,0,0,0.7647058823529411,0.2352941176470588,0,0,0,1,1,1,30,1,0,0.5,2,0,0,-1,0,5.22
0,0,-84,0,0,0.047619048,0,0.6666666666666666,0.3333333333333333,0,0,0,0,1,0,19,2,0,0,49,0,0,-1,0,5.71
0,0,-63,0,0,0,0,0.5,0.5,0,0,0,1,1,2,16,1,0,0,3,0,0,-1,0,5.65
1,0,-30,0,0,0.5,0,0.095238095,0.9047619047619048,0,0,0,0,1,1,29,1,0,0,0,0,0,-1,0,4.72
0,0,-143,0,0,0.2325581395348837,0,0.3492063492063492,0.6507936507936508,0,0,0,1,1,3,21,2,0,0,165,0,0,-1,0,5.04
0,0,0,0,0,0,0,1,0,0,0,0,0,1,0,30,1,0,0,1,0,0,-1,1,
0,0,0,0,1,0,0,0.5,0.5,0,0,0,0,0,1,29,1,0,0,1,0,0,-1,1,0
0,0,-86,0,0,0,0,0.5161290322580645,0.4838709677419355,0,0,0,0,1,0,30,2,0,0.5,121,0,0,-1,0,5.28
1,0,0,0,0,0,0,0.2162162162162162,0.7837837837837838,0,0,0,0,0,1,30,1,0,0,6,0,0,-1,0,5.06
1,0,0,0,0,0.1111111111111111,0,0.045454545,0.9545454545454546,0,0,0,0,1,7,20,2,0,0,0,0,0,-1,0,5.27
1,0,0,0,0,0.045454545,0,0.375,0.625,0,0,0,0,0,0,29,1,0,0,175,0,0,-1,0,4.19
0,0,-22,0,0,0,0,0.4375,0.5625,0,0,0,1,1,0,30,1,0,0,447,0,0,-1,0,5.46
2,0,0,0,0,0.1521739130434782,0,0.5428571428571428,0.4571428571428571,0,0,0,0,1,0,27,1,0,0,13,0,0,-1,1,3.35
0,0,-55,0,0,0,0,0.3146067415730337,0.6853932584269663,0,0,0,0,1,0,30,4,0,0.5,156,0,0,-1,0,4.97
0,0,-190,0,0,0,0,0.6363636363636364,0.3636363636363636,0,0,0,1,1,1,26,2,0,0.5,25,0,0,-1,0,5.11
0,0,0,0,0,0,0,0.75,0.25,0,0,0,0,1,1,30,1,0,0,0,0,0,-1,1,
0,0,-67,0,1,0,0,0.8,0.2,0,0,0,0,1,0,30,3,0,0,4,0,0,-1,0,4.93
0,0,0,0,1,0,0,0.3333333333333333,0.6666666666666666,0,0,0,0,1,1,30,1,0,0,0,0,0,-1,1,
1,0,-213,0,0,0.2328767123287671,0,0.3414634146341463,0.6585365853658537,0,0,0,0,0,0,30,1,0,0,138,0,0,-1,0,4.54
2,0,-76,0,0,0,0,0.525,0.475,0,0,0,0,0,1,30,2,0,0,22,0,0,-1,0,5.04
0,0,-146,0,0,0.9444444444444444,0,0.5517241379310345,0.4482758620689655,0,0,0,0,1,0,29,2,0,0,230,0,0,-1,0,4.37
1,0,-73,0,0,0,0,0.3846153846153846,0.6153846153846154,0,0,0,1,1,5,30,1,0,0,14,0,0,-1,0,5.1
0,0,0,0,0,0.024793388,0,0.2962962962962963,0.7037037037037037,0,0,0,0,0,0,29,1,0,0,504,0,0,-1,0,5.25
2,0,-235,0,0,0,0,0.4,0.6,0,0,0,1,1,1,30,4,0,0,0,0,0,-1,0,5.12
1,0,0,0,0,0,0,0.75,0.25,0,0,0,0,1,1,30,1,0,0,0,0,0,-1,1,
0,0,-336,0,0,0.9736842105263158,0,0.4375,0.5625,0,0,0,1,1,0,29,4,0,0,51,0,0,-1,0,4.92
3,0,-33,0,0,0.9703703703703704,0,0.3846153846153846,0.6153846153846154,0,0,0,1,1,2,28,2,0,0,319,0,0,-1,0,5.71
0,0,-277,0,0,0,0,0.3809523809523809,0.6190476190476191,0,0,0,1,1,2,30,2,0,0.5,25,0,0,-1,0,4.95
1,0,-53,0,0,0,0,0.5411764705882353,0.4588235294117647,0,0,0,1,1,0,30,1,0,0,512,0,0,-1,0,5.92
2,0,0,0,0,0.4495412844036697,0,0.2537313432835821,0.746268657,0,0,0,0,1,7,30,2,0,0.5,283,0,0,-1,0,5.96
0,0,0,0,1,0,0,0,0,0,0,0,0,1,0,30,1,0,0,1,0,0,-1,1,2.37
0,0,-346,0,0,0,0,0.4,0.6,0,0,0,1,1,0,30,1,0,0,209,0,0,-1,0,5.08
2,0,0,0,0,0,0,0.6666666666666666,0.3333333333333333,0,0,0,0,0,0,30,1,0,0.5,58,0,0,-1,0,4.23
0,0,-77,0,0,0,0,0.041666667,0.9583333333333334,0,0,0,1,1,2,30,1,0,0,119,0,0,-1,0,5.89
0,0,-284,0,0,0.05313093,0,0.9411764705882352,0.058823529,0,0,0,0,1,0,30,3,0,0.5,574,0,0,-1,0,5.12
1,0,-179,0,0,0,0,0.1304347826086956,0.8695652173913043,0,0,0,0,1,1,20,1,0,0,292,0,0,-1,0,5.73
1,0,-143,0,0,0.1151515151515151,0,0.4210526315789473,0.5789473684210527,0,0,0,1,1,2,30,1,0,0,158,0,0,-1,0,5.34
0,0,-75,0,0,0,0,0.6363636363636364,0.3636363636363636,0,0,0,0,1,1,30,1,0,0,9,0,0,-1,0,5.25
0,0,-35,0,0,0,0,0.4615384615384615,0.5384615384615384,0,0,0,1,1,1,15,1,0,0.5,17,0,0,-1,0,4.82
1,0,-364,0,0,0,0,0.4444444444444444,0.5555555555555556,0,0,0,0,1,2,23,4,0,0,2,0,0,-1,0,5.62
3,0,0,0,0,0.001127396,0,0.8095238095238095,0.1904761904761904,0,0,0,0,1,0,30,1,0,0,2,0,0,-1,1,
0,0,-49,0,0,0,0,0.4,0.6,0,0,0,1,1,0,29,1,0,0,180,0,0,-1,0,4.01
1,0,-193,0,0,0,0,0.5416666666666666,0.4583333333333333,0,0,0,0,1,1,29,1,0,0,1,0,0,-1,0,5.27
1,0,-73,0,0,0,0,0.5428571428571428,0.4571428571428571,0,0,0,0,1,0,29,3,0,0,0,0,0,-1,0,3.73
0,0,-125,0,1,0,0,0,1,0,0,0,1,0,0,29,1,0,0,332,0,0,-1,0,4.22
2,0,0,0,0,0.070175439,0,0.7272727272727273,0.2727272727272727,0,0,0,0,1,0,27,8,0,0,187,0,0,-1,0,3.41
1,0,0,0,0,0,0,0.44,0.56,0,0,0,1,1,0,27,2,0,0,78,0,0,-1,0,5.76
0,0,-61,0,0,0,0,0.071428571,0.9285714285714286,0,0,0,0,0,1,28,1,0,0,34,0,0,-1,0,4.97
1,0,-253,0,0,0,0,0.375,0.625,0,0,0,0,0,2,30,8,0,0,0,0,0,-1,0,5.19
1,0,-74,0,0,0,0,0.55,0.45,0,0,0,0,1,0,28,1,0,0,11,0,0,-1,0,3.47
0,0,-381,0,0,0,0,0.3333333333333333,0.6666666666666666,0,0,0,1,1,0,30,1,0,0,246,0,0,-1,0,6.1
1,0,-54,0,0,0,0,0.3333333333333333,0.6666666666666666,0,0,0,0,1,1,30,3,0,0.5,9,0,0,-1,0,5.91
0,0,-296,0,0,0,0,0.5,0.5,0,0,0,1,1,0,30,4,0,0.5,75,0,0,-1,0,5.12
0,0,0,0,1,0,0,0.5,0.5,0,0,0,0,1,1,30,1,0,0,1,0,0,-1,1,3.32
1,0,0,0,0,0.5476190476190477,0,0.1428571428571428,0.8571428571428571,0,0,0,0,0,0,29,1,0,0,1,0,0,-1,0,4.82
0,0,-369,0,0,0,0,0.22,0.78,0,0,0,0,1,1,30,1,0,0,24,0,0,-1,0,5.55
3,0,0,0,0,0.3181818181818182,0,0.36,0.64,0,0,0,1,1,3,30,4,0,0,0,0,0,-1,0,5.15
2,0,-122,0,0,0,0,0.8,0.2,0,0,0,0,1,1,30,4,0,0,22,0,0,-1,0,4.81
0,0,-125,0,0,0,0,0.375,0.625,0,0,0,0,1,1,29,3,0,0,26,0,0,-1,0,5.51
1,0,0,0,1,0,0,0.25,0.75,0,0,0,0,1,0,30,1,0,0,11,0,0,-1,0,4.42
0,0,-73,1,0,0.2765957446808511,0,0.3773584905660377,0.6226415094339622,0,0,0,0,0,0,28,1,0,1,273,0,0,-1,0,4.52
0,0,-283,0,0,0.9842105263157894,0,0.3461538461538461,0.6538461538461539,0,0,0,1,1,0,29,4,0,0,168,0,0,-1,0,4.25
0,0,-351,0,0,0,0,0.5510204081632653,0.4489795918367347,0,0,0,0,1,0,30,4,0,0,9,0,0,-1,0,5.47
3,0,0,0,0,0.2891566265060241,0,0.3333333333333333,0.6666666666666666,0,0,0,0,1,1,20,1,0,1,37,0,0,-1,0,5.16
2,0,0,0,0,0.9945652173913044,0,0.1282051282051282,0.8717948717948718,0,0,0,0,0,5,30,1,0,0,0,0,0,-1,1,
0,0,0,0,0,0,0,0,1,0,0,0,0,1,0,29,1,0,0.5,0,0,0,-1,1,5.62
1,0,-122,0,0,0,0,0.1176470588235294,0.8823529411764706,0,0,0,1,1,5,30,4,0,0,41,0,0,-1,0,5.22
1,0,0,0,1,0,0,0,0,0,0,0,0,0,0,8,1,0,0,0,0,0,-1,0,5.02
1,0,0,0,1,0,0,0,1,0,0,0,0,0,0,29,1,0,0,0,0,0,-1,0,5.31
0,0,0,0,0,0,0,0,0,0,0,0,0,0,0,29,1,0,0,0,0,0,-1,1,2.8
0,0,0,0,0,0,0,0.75,0.25,0,0,0,0,1,1,30,1,0,0,0,0,0,-1,1,0
0,0,-270,0,0,0.15,0,0.3404255319148936,0.6595744680851063,0,0,0,1,1,0,30,2,0,0,83,0,0,-1,0,5.16
1,0,-4,0,1,0,0,0.5555555555555556,0.4444444444444444,0,0,0,0,1,1,5,1,0,0,0,0,0,-1,0,5.09
0,0,-298,0,0,0,0,0.4705882352941176,0.5294117647058824,0,0,0,1,0,1,16,1,0,0.5,65,0,0,-1,0,5.11
0,0,-153,0,0,0,0,0.4761904761904761,0.5238095238095238,0,0,0,0,1,0,28,2,0,0.5,176,0,0,-1,0,4.54
0,0,-196,0,0,0.4,0,0.5,0.5,0,0,0,0,1,0,20,1,0,0,100,0,0,-1,0,4.65
0,0,-330,0,1,0,0,1,0,0,0,0,0,1,0,30,1,0,0,0,0,0,-1,0,5.32
3,0,0,0,0,0,0,0.3703703703703703,0.6296296296296297,0,0,0,1,1,2,28,3,0,0,18,0,0,-1,0,5.27
0,0,-381,0,1,0,0,0,0,0,0,0,0,1,0,5,1,0,0,2,0,0,-1,0,5.21
0,0,-84,0,0,0,0,0.5526315789473685,0.4473684210526316,0,0,0,0,0,0,30,2,0,0.5,675,0,0,-1,0,5.19
0,0,-344,0,0,0,0,0.4,0.6,0,0,0,0,1,0,30,4,0,0.5,156,0,0,-1,0,4.97
1,0,0,0,0,0,0,0.1764705882352941,0.8235294117647058,0,0,0,0,1,0,30,1,0,0,0,0,0,-1,1,
2,0,0,0,0,0,0,0.4444444444444444,0.5555555555555556,0,0,0,1,0,0,23,1,0,0,49,0,0,-1,0,3.13
3,0,-85,1,0,0,0,0.4210526315789473,0.5789473684210527,0,0,0,0,1,7,30,1,0,0.5,36,0,0,-1,0,5.18
0,0,-54,0,0,0,0,0.047619048,0.9523809523809524,0,0,0,0,1,0,30,1,0,0,19,0,0,-1,0,3.12
1,0,0,0,0,0,0,0.625,0.375,0,0,0,1,0,0,30,2,0,0,6,0,0,-1,0,4.33
0,0,0,0,0,0,0,0.5,0.5,0,0,0,0,0,1,28,1,0,1,39,0,0,-1,0,5.07
1,0,-67,0,0,0,0,0.5,0.5,0,0,0,1,1,1,30,3,0,0,11,0,0,-1,0,5
0,0,-352,0,0,0.059171598,0,0.2162162162162162,0.7837837837837838,0,0,0,1,1,1,30,4,0,0,345,0,0,-1,0,5.53
1,0,-375,0,0,0,0,0.1818181818181818,0.8181818181818182,0,0,0,1,0,4,30,2,0,0,4,0,0,-1,0,3.46
1,0,0,0,0,0,0,0,0,0,0,0,0,0,0,29,1,0,0,0,0,0,-1,1,2.76
1,0,-214,0,0,0,0,0.6666666666666666,0.3333333333333333,0,0,0,1,1,2,30,4,0,0,103,0,0,-1,0,5.59
0,0,-124,0,1,0,0,0.7,0.3,0,0,0,0,1,0,29,2,0,0,10,0,0,-1,0,5.55
0,0,-36,0,0,0,0,0.4358974358974359,0.5641025641025641,0,0,0,0,0,0,30,1,0,0,312,0,0,-1,0,5.33
0,0,0,0,1,0,0,0,0,0,0,0,0,0,0,29,1,0,0,0,0,0,-1,1,
1,0,-337,0,0,0,0,0.5,0.5,0,0,0,0,1,10,30,3,0,0,11,0,0,-1,0,4.96
1,0,-377,0,0,0,0,0.6363636363636364,0.3636363636363636,0,0,0,1,1,0,30,3,0,0,0,0,0,-1,0,5.21
1,0,-52,0,0,0,0,0.375,0.625,0,0,0,1,0,3,30,1,0,0,5,0,0,-1,0,4.63
1,0,0,0,0,0,0,0.2909090909090909,0.7090909090909091,0,0,0,1,1,6,1,1,0,0,62,0,0,-1,0,5.04
1,0,0,0,1,0,0,1,0,0,0,0,0,1,0,30,1,0,0,1,0,0,-1,1,
1,0,0,0,0,0,0,0.5,0.5,0,0,0,0,1,0,30,2,0,0.5,0,0,0,-1,1,
0,0,-40,0,0,0,0,0.4347826086956521,0.5652173913043478,0,0,0,1,1,0,19,2,0,0,7,0,0,-1,0,3.83
1,0,-355,0,0,0.2156862745098039,0,0.058823529,0.9411764705882352,0,0,0,0,1,0,30,2,0,0,333,0,0,-1,0,4.75
0,0,0,0,1,0,0,0.5,0.5,0,0,0,0,1,1,30,1,0,0,1,0,0,-1,1,3.05
1,0,-41,0,0,0,0,0.6666666666666666,0.3333333333333333,0,0,0,0,1,0,30,2,0,0,39,0,0,-1,0,4.05
0,0,-346,0,0,0,0,0.3709677419354839,0.6290322580645161,0,0,0,0,1,0,29,1,0,0,91,0,0,-1,0,5.38
0,0,0,0,1,0,0,0.5,0.5,0,0,0,0,1,1,30,1,0,0,1,0,0,-1,1,3.25
0,0,-54,0,1,0,0,0.5,0.5,0,0,0,0,1,1,29,1,0,0,1,0,0,-1,0,2.16
0,0,-25,0,0,0,0,0.2758620689655172,0.7241379310344828,0,0,0,0,0,4,30,4,0,0,16,0,0,-1,0,4.38
0,0,-31,0,0,0.1222222222222222,0,0.5,0.5,0,0,0,0,1,0,30,1,0,0.5,20,0,0,-1,0,5.19
1,0,-97,0,0,0,0,0.3333333333333333,0.6666666666666666,0,0,0,0,1,0,30,2,0,0,203,0,0,-1,0,4.4
2,0,0,0,0,0.6956521739130435,0,0.388235294,0.611764706,0,0,0,1,1,2,30,3,0,0,6,0,0,-1,0,5.06
0,0,0,0,1,0,0,0.5,0.5,0,0,0,0,0,1,28,1,0,0,1,0,0,-1,1,
0,0,0,0,1,0,0,0.3333333333333333,0.6666666666666666,0,0,0,0,1,1,30,1,0,0,0,0,0,-1,1,
0,0,-233,0,0,0,0,0.2,0.8,0,0,0,0,1,1,21,1,0,0.5,285,0,0,-1,0,6.02
0,0,-342,0,0,0,0,0.6363636363636364,0.3636363636363636,0,0,0,1,0,1,30,1,0,0.5,51,0,0,-1,0,4.93
1,0,0,0,0,0,0,0.2068965517241379,0.7931034482758621,0,0,0,0,0,0,30,1,0,0,426,0,0,-1,0,4.89
1,0,-256,0,0,0,0,0.5,0.5,0,0,0,1,1,0,30,4,0,0,225,0,0,-1,0,5.17
0,0,0,0,1,0,0,0.5,0.5,0,0,0,0,1,1,30,1,0,0,1,0,0,-1,1,2.42
0,0,0,0,0,0,0,0,1,0,0,0,0,1,0,30,1,0,0.5,0,0,0,-1,0,3.38
0,0,-29,0,0,0.1323529411764706,0,0.2692307692307692,0.7307692307692307,0,0,0,0,0,4,30,1,0,0,33,0,0,-1,0,4
2,0,0,0,0,0,0,0.5833333333333334,0.4166666666666667,0,0,0,0,0,0,28,1,0,0.5,6,0,0,-1,0,4.97
1,0,-66,0,0,0,0,0.5319148936170213,0.4680851063829787,0,0,0,0,1,0,30,2,0,0,0,0,0,-1,0,5.19
1,0,-130,0,0,0,0,0.2333333333333333,0.7666666666666667,0,0,0,0,1,6,30,4,0,0,108,0,0,-1,0,5.56
1,0,-301,0,0,0,0,0.2608695652173913,0.7391304347826086,0,0,0,1,1,1,27,1,0,0,0,0,0,-1,0,4.46
1,0,-195,0,0,0,0,0.3,0.7,0,0,0,0,1,1,18,4,0,0,4,0,0,-1,0,5.1
0,0,-352,0,0,0,0,0.25,0.75,0,0,0,1,1,0,6,2,0,0,953,0,0,-1,0,5.58
0,0,0,0,0,0,0,0.2307692307692307,0.7692307692307693,0,0,0,0,1,1,30,1,0,0.5,3,0,0,-1,0,4.4
0,0,0,0,0,0,0,0.75,0.25,0,0,0,0,1,1,30,1,0,0,0,0,0,-1,1,4.35
1,0,0,0,1,0,0,0.6666666666666666,0.3333333333333333,0,0,0,0,1,1,30,1,0,0,0,0,0,-1,1,
0,0,-107,0,1,0,0,0,0,0,0,0,0,1,0,30,1,0,0,0,0,0,-1,0,5.09
0,0,-212,0,1,0,0,0.8,0.2,0,0,0,1,1,4,30,2,0,0,4,0,0,-1,0,4.81
0,0,0,0,1,0,0,0.5,0.5,0,0,0,0,1,0,30,1,0,0,2,0,0,-1,0,5.16
3,0,0,0,0,0,0,0.4347826086956521,0.5652173913043478,0,0,0,0,1,1,18,2,0,0,0,0,0,-1,0,5.69
2,0,-348,0,0,0,0,0.1935483870967742,0.8064516129032258,0,0,0,1,1,2,30,3,0,0,0,0,0,-1,0,5.84
1,0,-47,0,0,0.055555556,0,0.2307692307692307,0.7692307692307693,0,0,0,1,1,3,28,1,0,0.5,0,0,0,-1,0,5.12
0,0,-266,0,0,0,0,0.5238095238095238,0.4761904761904761,0,0,0,0,1,1,30,3,0,0.5,22,0,0,-1,0,5.37
1,0,-333,0,0,0,0,0.013888889,0.9861111111111112,0,0,0,0,0,1,29,1,0,0,3,0,0,-1,0,4.79
1,0,0,0,1,0,0,0,0,0,0,0,0,1,0,30,1,0,0,0,0,0,-1,1,
2,0,0,0,0,0,0,0.64,0.36,0,0,0,0,1,1,30,2,0,0,16,0,0,-1,0,5.37
0,0,0,0,0,0.88,0,0.2571428571428571,0.7428571428571429,0,0,0,1,0,3,30,1,0,0,57,0,0,-1,0,5.24
0,0,-298,0,0,0.6286764705882353,0,0.0625,0.9375,0,0,0,0,1,1,30,4,0,1,83,0,0,-1,0,5.14
1,0,0,0,0,0,0,0.25,0.75,0,0,0,1,1,0,30,3,0,0,4,0,0,-1,1,8.17
6,0,0,0,0,0,0,0.5909090909090909,0.4090909090909091,0,0,0,1,1,2,30,1,0,0,1,0,0,-1,0,4.5
1,0,0,0,0,0,0,0.25,0.75,0,0,0,1,1,0,29,3,0,0,4,0,0,-1,1,8.17
2,0,0,0,0,0,0,0.1428571428571428,0.8571428571428571,0,0,0,1,1,5,30,4,0,1,8,0,0,-1,0,4.61
1,0,-282,0,0,0.2203389830508474,0,0.4150943396226415,0.5849056603773585,0,0,0,1,1,1,30,3,0,0,232,0,0,-1,0,5
0,0,-31,0,0,0.032608696,0,0.3265306122448979,0.673469388,0,0,0,0,1,0,30,1,0,0,178,0,0,-1,0,4.4
1,0,0,0,0,0,0,0.5,0.5,0,0,0,0,1,0,30,2,0,0.5,0,0,0,-1,1,2.47
1,0,0,0,0,0,0,0.3050847457627119,0.6949152542372882,0,0,0,0,0,0,30,1,0,0,6,0,0,-1,0,5.45
3,0,0,0,0,0,0,0.5,0.5,0,0,0,1,1,2,27,2,0,0,0,0,0,-1,0,5.73
0,0,0,0,1,0,0,0.5,0.5,0,0,0,0,1,1,30,1,0,0,1,0,0,-1,1,1.58
0,0,-131,0,0,0,0,0.425,0.575,0,0,0,1,1,2,30,1,0,0.5,388,0,0,-1,0,5.29
0,0,-81,0,0,0.048192771,0,0.4098360655737705,0.5901639344262295,0,0,0,0,0,0,29,1,0,0.5,223,0,0,-1,0,5.04
0,0,0,0,1,0,0,0.3333333333333333,0.6666666666666666,0,0,0,0,1,1,30,1,0,0,0,0,0,-1,1,2.12
1,0,-236,0,0,0.136,0,0.5238095238095238,0.4761904761904761,0,0,0,1,1,0,30,3,0,0.5,76,0,0,-1,0,5.01
0,0,0,0,0,0,0,0,1,0,0,0,0,0,0,30,1,0,0,3,0,0,-1,1,
0,0,-70,0,0,0.4038461538461538,0,0.65,0.35,0,0,0,1,1,2,30,2,0,0,4,0,0,-1,0,5.27
1,0,-243,0,0,0,0,0.375,0.625,0,0,0,0,1,1,30,1,0,1,2,0,0,-1,0,5.65
0,0,0,0,0,0.039784221,0,0.5357142857142857,0.4642857142857143,0,0,0,0,1,0,30,2,0,0,1591,0,0,-1,0,3.23
1,0,0,0,0,0,0,0.5161290322580645,0.4838709677419355,0,0,0,1,1,1,30,2,0,0.5,13,0,0,-1,0,5.52
0,0,0,0,1,0,0,0.5,0.5,0,0,0,0,1,1,30,1,0,0,1,0,0,-1,0,4.92
0,0,-320,1,0,0,0,0.5208333333333334,0.4791666666666667,0,0,0,1,1,5,30,1,0,0.5,0,0,0,-1,0,3.93
0,0,0,0,1,0,0,0.5,0.5,0,0,0,0,0,1,30,1,0,0,1,0,0,-1,0,4.96
1,0,0,0,0,0,0,0.5555555555555556,0.4444444444444444,0,0,0,1,0,1,28,1,0,0,7,0,0,-1,0,5.14
1,0,0,0,0,0.5384615384615384,0,0,1,0,0,0,0,0,2,28,1,0,0,0,0,0,-1,0,5.32
0,0,-72,0,0,0.2786885245901639,0,0.4693877551020408,0.5306122448979592,0,0,0,0,1,0,28,2,0,0,263,0,0,-1,0,5.5
1,0,-70,0,0,0,0,0.5833333333333334,0.4166666666666667,0,0,0,0,0,0,29,1,0,0,58,0,0,-1,0,5.26
1,0,-88,0,0,0,0,0.5333333333333333,0.4666666666666667,0,0,0,1,1,1,29,1,0,0.5,5,0,0,-1,0,5.13
1,0,-152,0,0,0,0,0.1739130434782608,0.8260869565217391,0,0,0,1,1,0,30,1,0,0,30,0,0,-1,0,5.3
0,0,-260,0,1,0,0,0,0,0,0,0,0,1,0,30,1,0,0,0,0,0,-1,0,4.74
1,0,0,0,0,0,0,0.5,0.5,0,0,0,0,1,0,14,2,0,0.5,0,0,0,-1,1,3.03
0,0,0,0,1,0,0,0.4,0.6,0,0,0,0,1,0,29,1,0,0,0,0,0,-1,0,3.9
0,0,0,0,1,0,0,0.5,0.5,0,0,0,0,0,1,28,1,0,0,1,0,0,-1,1,
0,0,-370,0,0,0,0,0.5555555555555556,0.4444444444444444,0,0,0,0,1,0,29,1,0,0,10,0,0,-1,0,4.93
0,0,-73,0,0,0,0,0.2307692307692307,0.7692307692307693,0,0,0,0,1,6,15,1,0,0,18,0,0,-1,0,6.33
1,0,-52,0,0,0,0,0.6829268292682927,0.3170731707317073,0,0,0,0,0,0,30,1,0,0,17,0,0,-1,0,5.21
1,0,-109,0,0,0,0,0.4,0.6,0,0,0,1,1,1,30,1,0,0,0,0,0,-1,0,4.99
0,0,-80,0,1,0,0,0.7857142857142857,0.2142857142857142,0,0,0,0,1,0,30,1,0,0,4,0,0,-1,0,4.93
1,0,0,0,1,0,0,0.3333333333333333,0.6666666666666666,0,0,0,0,0,1,26,1,0,0,0,0,0,-1,1,2.39
1,0,-88,0,0,0.5581395348837209,0,0.6666666666666666,0.3333333333333333,0,0,0,0,1,0,29,2,0,0,1,0,0,-1,0,4.81
0,0,-61,0,0,0.4925373134328358,0,0.2857142857142857,0.7142857142857143,0,0,0,0,1,0,30,1,0,0,200,0,0,-1,0,4.86
0,0,-257,0,0,0,0,0.375,0.625,0,0,0,1,1,6,30,4,0,0,95,0,0,-1,0,5.18
0,0,0,0,0,0,0,0.375,0.625,0,0,0,0,0,0,30,1,0,0.5,1,0,0,-1,0,4.72
0,0,-161,0,0,0,0,0.1666666666666666,0.8333333333333334,0,0,0,0,1,4,29,1,0,0.5,9,0,0,-1,0,5.17
1,0,-215,0,0,0,0,0.2328767123287671,0.7671232876712328,0,0,0,1,1,1,29,4,0,0,14,0,0,-1,0,5.38
0,0,0,0,0,0,0,0.3076923076923077,0.6923076923076923,0,0,0,0,0,0,29,1,0,0,179,0,0,-1,0,2.78
2,0,-72,0,0,0.352112676,0,0.4222222222222222,0.5777777777777777,0,0,0,1,1,1,30,2,0,0.5,69,0,0,-1,0,5.46
1,0,0,0,0,0,0,0.7213114754098361,0.2786885245901639,0,0,0,1,0,1,26,1,0,1,160,0,0,-1,0,4.63
1,0,0,0,0,0,0,0.5294117647058824,0.4705882352941176,0,0,0,0,1,0,30,2,0,0,3,0,0,-1,1,
0,0,0,0,1,0,0,0,0,0,0,0,0,0,0,30,1,0,0,0,0,0,-1,0,2.48
0,0,-186,0,0,0.075587334,0,0.3333333333333333,0.6666666666666666,0,0,0,0,1,0,29,3,0,0,1008,0,0,-1,0,5.25
0,0,-154,0,1,0,0,0.7931034482758621,0.2068965517241379,0,0,0,0,1,1,30,2,0,0,0,0,0,-1,0,4.89
1,0,0,0,1,0,0,0,1,0,0,0,0,0,0,30,1,0,0,6,0,0,-1,1,
4,0,0,0,0,0,0,0.375,0.625,0,0,0,1,1,1,27,2,0,0,0,0,0,-1,1,3.06
0,0,-77,0,0,0,0,0.125,0.875,0,0,0,0,1,1,30,1,0,0,3,0,0,-1,0,4.6
0,0,-231,0,1,0,0,0,0,0,0,0,0,1,0,30,3,0,0,0,0,0,-1,0,5.35
0,0,0,0,0,0,0,1,0,0,0,0,0,1,0,30,1,0,0,1,0,0,-1,1,2.63
0,0,0,0,1,0,0,0,0,0,0,0,0,0,0,30,1,0,0,0,0,0,-1,1,
0,0,-67,0,0,0,0,0.6666666666666666,0.3333333333333333,0,0,0,0,1,0,29,2,0,0,0,0,0,-1,0,3.41
0,0,-289,0,1,0,0,0.6,0.4,0,0,0,0,1,1,30,3,0,0,0,0,0,-1,0,4.95
3,0,-95,0,0,0,0,0.28,0.72,0,0,0,1,1,2,29,3,0,0,89,0,0,-1,0,5.13
0,0,-213,0,0,0.091891892,0,0.2857142857142857,0.7142857142857143,0,0,0,1,0,0,28,1,0,0,206,0,0,-1,0,4.55
1,0,0,0,0,0.6,0,0.3125,0.6875,0,0,0,1,1,0,28,2,0,0.5,45,0,0,-1,1,5.57
0,0,-313,0,0,0,0,0.8125,0.1875,0,0,0,0,1,1,30,3,0,0,195,0,0,-1,0,4.91
0,0,-325,0,0,0,0,0.2894736842105263,0.7105263157894737,0,0,0,1,1,4,30,1,0,0,54,0,0,-1,0,5.39
1,0,-129,0,0,0,0,0.25,0.75,0,0,0,0,1,1,30,1,0,0,2,0,0,-1,0,4.84
0,0,-71,0,0,0,0,0.8958333333333334,0.1041666666666666,0,0,0,1,1,0,28,1,0,0.5,79,0,0,-1,0,5.24
0,0,-86,0,0,0,0,0.5081967213114754,0.4918032786885246,0,0,0,0,1,0,29,3,0,0,264,0,0,-1,0,5.07
0,0,-76,0,0,0.071428571,0,0.4090909090909091,0.5909090909090909,0,0,0,1,1,2,28,8,0,0,63,0,0,-1,0,3.17
3,0,-81,0,0,0.1707317073170731,0,0.1,0.9,0,0,0,1,1,2,20,1,0,0,16,0,0,-1,0,5.85
0,0,-87,0,0,0.34375,0,0.2682926829268293,0.7317073170731707,0,0,0,1,1,0,30,1,0,0,73,0,0,-1,0,4.93
0,0,0,0,1,0,0,0.5,0.5,0,0,0,0,1,1,30,1,0,0,1,0,0,-1,0,5.42
0,0,-83,0,0,0.1428571428571428,0,0.4444444444444444,0.5555555555555556,0,0,0,0,0,0,30,1,0,0,27,0,0,-1,0,5.17
1,0,0,0,0,0,0,0.6666666666666666,0.3333333333333333,0,0,0,1,1,1,30,5,0,0,7,0,0,-1,0,5.7
1,0,-158,0,0,0,0,0.1052631578947368,0.8947368421052632,0,0,0,0,1,8,29,1,0,0,0,0,0,-1,0,5.86
0,0,0,0,0,0,0,0.75,0.25,0,0,0,0,1,1,30,1,0,0,0,0,0,-1,1,
2,0,0,0,1,0,0,0,1,0,0,0,0,0,0,29,1,0,0,2,0,0,-1,0,3.01
0,0,-75,0,0,0,0,0.3888888888888889,0.6111111111111112,0,0,0,0,0,1,30,1,0,0,11,0,0,-1,0,5.14
0,0,-175,0,0,0.1228070175438596,0,0.3809523809523809,0.6190476190476191,0,0,0,1,1,0,30,1,0,0,147,0,0,-1,0,5.19
0,0,-395,0,0,0.3578767123287671,0,0.5172413793103449,0.4827586206896552,0,0,0,1,1,1,27,1,0,0,993,0,0,-1,0,5.3
0,0,0,0,1,0,0,0.5,0.5,0,0,0,0,1,1,30,1,0,0,1,0,0,-1,1,4.87
1,0,0,0,1,0,0,1,0,0,0,0,0,1,0,30,1,0,0,0,0,0,-1,1,0.95
1,0,-342,0,0,0.1136363636363636,0,0.6724137931034483,0.3275862068965517,0,0,0,1,0,2,29,1,0,0.5,39,0,0,-1,0,4.08
1,0,-295,0,0,0.1139240506329113,0,0.5,0.5,0,0,0,1,1,0,30,2,0,0,40,0,0,-1,0,5.49
1,0,0,0,1,0,0,0.4285714285714285,0.5714285714285714,0,0,0,0,1,2,30,1,0,0,0,0,0,-1,0,5.35
0,0,-39,0,0,0,0,0.2682926829268293,0.7317073170731707,0,0,0,0,1,0,30,2,0,0,245,0,0,-1,0,6.41
1,0,0,0,1,0,0,0,1,0,0,0,0,0,0,28,1,0,0,0,0,0,-1,1,3.03
1,0,-31,0,0,0.003436426,0,0.098039216,0.9019607843137256,0,0,0,1,1,0,20,2,0,0,372,0,0,-1,0,5.18
2,0,-289,0,0,0.146788991,0,0.1851851851851851,0.8148148148148148,0,0,0,0,1,7,29,4,0,0,8,0,0,-1,0,5.17
0,0,-65,0,0,0,0,0.6,0.4,0,0,0,1,1,1,22,1,0,0.5,13,0,0,-1,0,5.19
1,0,-72,0,1,0,0,1,0,0,0,0,0,1,0,30,2,0,0,0,0,0,-1,0,5.13
0,0,-37,0,0,0,0,0.3846153846153846,0.6153846153846154,0,0,0,1,1,2,8,1,0,0,15,0,0,-1,0,5.48
0,0,-71,0,0,0,0,0.5,0.5,0,0,0,0,1,2,30,2,0,0,15,0,0,-1,0,5.12
3,0,0,0,0,0,0,0,0,0,0,0,0,1,0,30,2,0,0,0,0,0,-1,1,
1,0,-76,0,1,0,0,0.3529411764705882,0.6470588235294118,0,0,0,1,1,3,28,3,0,0,0,0,0,-1,0,2.99
0,0,-296,0,0,0,0,0.25,0.75,0,0,0,0,0,0,28,1,0,0,7,0,0,-1,0,5.15
4,0,-55,0,0,0,0,0.6666666666666666,0.3333333333333333,0,0,0,1,1,1,30,3,0,0.5,0,0,0,-1,0,5.05
1,0,0,0,0,0,0,0.75,0.25,0,0,0,0,0,0,28,1,0,0,0,0,0,-1,0,3.01
1,0,0,0,0,0,0,0.6470588235294118,0.3529411764705882,0,0,0,0,0,1,25,1,0,0,2,0,0,-1,0,4.9
4,0,-268,0,0,0,0,0.4705882352941176,0.5294117647058824,0,0,1,0,1,0,30,3,0,0.5,6,0,0,-1,0,5.41
0,0,0,0,0,0,0,0.75,0.25,0,0,0,0,1,1,30,1,0,0,0,0,0,-1,1,
1,0,0,0,1,0,0,0,0,0,0,0,0,1,0,30,1,0,0,1,0,0,-1,0,5.28
0,0,0,0,1,0,0,0.5,0.5,0,0,0,0,1,1,30,1,0,0,1,0,0,-1,1,
0,0,-67,0,0,0,0,0.3673469387755102,0.6326530612244898,0,0,0,1,1,6,29,1,0,0.5,81,0,0,-1,0,4.99
0,0,0,0,1,0,0,1,0,0,0,0,0,0,0,30,1,0,0,0,0,0,-1,0,2.75
0,0,-76,0,0,0,0,0.7272727272727273,0.2727272727272727,0,0,0,0,0,0,30,1,0,0,8,0,0,-1,0,4.91
0,0,-241,0,0,0,0,0.2,0.8,0,0,0,0,1,0,30,2,0,0,96,0,0,-1,0,4
1,0,0,0,1,0,0,1,0,0,0,0,0,0,0,30,1,0,0,0,0,0,-1,1,
1,0,-309,0,0,0,0,0.2352941176470588,0.7647058823529411,0,0,0,0,1,0,30,2,0,0.5,465,0,0,-1,0,5.34
3,0,-63,0,0,0.3703703703703703,0,0.3902439024390244,0.6097560975609756,0,0,0,0,0,5,29,1,0,0,0,0,0,-1,0,5.36
0,0,-170,0,0,0,0,0.089285714,0.9107142857142856,0,0,0,0,1,0,30,3,0,0,225,0,0,-1,0,4.25
0,0,-282,0,0,0.2275862068965517,0,0.1029411764705882,0.8970588235294118,0,0,0,1,1,2,29,3,0,0,202,0,0,-1,0,5.67
0,0,-366,0,0,0,0,0.5625,0.4375,0,0,0,1,0,3,30,1,0,0,5,0,0,-1,0,5.03
0,0,-346,0,0,0,0,0.1875,0.8125,0,0,0,1,1,0,30,2,0,0.5,223,0,0,-1,0,4.98
0,0,-63,0,0,0,0,0.4871794871794871,0.5128205128205128,0,0,0,1,0,1,27,1,0,0,92,0,0,-1,0,3.22
0,0,-70,0,0,0.068181818,0,0.1666666666666666,0.8333333333333334,0,0,0,0,1,0,30,1,0,0.5,85,0,0,-1,0,4.68
1,0,0,0,0,0,0,0.5714285714285714,0.4285714285714285,0,0,0,0,0,2,30,1,0,0,7,0,0,-1,0,5.3
1,0,-69,0,0,0.5370370370370371,0,0.3888888888888889,0.6111111111111112,0,0,0,1,0,3,30,1,0,0.5,72,0,0,-1,0,5.23
2,0,0,0,0,0,0,0.5,0.5,0,0,0,1,1,1,28,1,0,0,20,0,0,-1,0,5.11
0,0,-75,0,0,0.1568627450980392,0,0.1538461538461538,0.8461538461538461,0,0,0,0,1,2,29,1,0,0,202,0,0,-1,0,4.18
0,0,-224,0,0,0.25,0,0.1515151515151515,0.8484848484848485,0,0,0,1,1,0,30,2,0,0.5,87,0,0,-1,0,5.43
1,0,-67,0,0,0,0,0.5,0.5,0,0,0,0,1,1,21,3,0,0,2,0,0,-1,0,4.68
0,0,-342,0,0,0,0,0.7142857142857143,0.2857142857142857,0,0,0,0,1,0,30,3,0,0,1,0,0,-1,0,5.83
1,0,0,0,0,0,0,0.25,0.75,0,0,0,1,1,0,20,3,0,0,4,0,0,-1,1,8.17
1,0,0,0,0,0,0,0.6666666666666666,0.3333333333333333,0,0,0,0,0,0,30,1,0,0.5,6,0,0,-1,0,5.31
0,0,-268,0,0,0,0,0.4516129032258064,0.5483870967741935,0,0,0,1,0,0,28,1,0,0.5,50,0,0,-1,0,5.02
0,0,-347,0,1,0,0,0.5,0.5,0,0,0,0,1,1,30,1,0,0,1,0,0,-1,0,5.33
0,0,-297,0,0,0,0,0.1785714285714285,0.8214285714285714,0,0,0,1,1,0,30,2,0,0.5,35,0,0,-1,0,5.05
1,0,-48,0,0,0,0,0.5,0.5,0,0,0,0,0,0,30,1,0,0,3,0,0,-1,0,5.44
1,0,-382,0,0,0,0,0.047619048,0.9523809523809524,0,0,0,0,1,0,20,1,0,0,265,0,0,-1,0,6.55
0,0,-87,0,0,0,0,0.8666666666666667,0.1333333333333333,0,0,0,0,1,0,30,1,0,0.5,53,0,0,-1,0,5.11
1,0,-43,0,0,0,0,0.092592593,0.9074074074074074,0,0,0,1,1,1,30,2,0,0,0,0,0,-1,0,4.98
0,0,0,0,0,0,0,1,0,0,0,0,0,1,0,30,1,0,0,7,0,0,-1,1,
0,0,-355,0,0,0,0,0.3529411764705882,0.6470588235294118,0,0,0,0,1,2,29,1,0,0,154,0,0,-1,0,5.47
1,0,-83,0,0,0,0,0.3333333333333333,0.6666666666666666,0,0,0,1,1,0,30,2,0,0,1136,0,0,-1,0,5.3
0,0,0,0,0,0,0,0,0,0,0,0,1,1,0,30,1,0,0,0,0,0,-1,1,
0,0,0,0,1,0,0,0,0,0,0,0,0,1,0,30,1,0,0,1,0,0,-1,1,3.54
1,0,-310,0,0,0,0,0.076923077,0.9230769230769232,0,0,0,0,1,3,30,2,0,0,351,0,0,-1,0,5.48
0,0,-27,0,0,0.2352941176470588,0,0.6666666666666666,0.3333333333333333,0,0,0,0,1,1,30,1,0,0,5,0,0,-1,0,5.05
0,0,-139,0,0,0,0,0.1428571428571428,0.8571428571428571,0,0,0,0,0,4,30,1,0,0.5,5,0,0,-1,0,5.02
0,0,-36,0,0,0,0,0.4915254237288136,0.5084745762711864,0,0,0,1,1,0,30,2,0,0.5,36,0,0,-1,0,6.65
0,0,-276,0,0,0.02739726,0,0.4444444444444444,0.5555555555555556,0,0,0,1,1,4,29,3,0,0.5,3,0,0,-1,0,4.51
0,0,-225,0,0,0,0,0.525,0.475,0,0,0,0,0,1,28,1,0,0,40,0,0,-1,0,5.63
3,0,0,0,1,0,0,0,0,0,0,0,0,1,0,30,1,0,0,0,0,0,-1,0,5.39
0,0,-251,0,0,0.058536585,0,0.02173913,0.9782608695652174,0,0,0,0,1,1,19,1,0,0,213,0,0,-1,0,5.66
2,0,0,0,0,0.1290322580645161,0,0.1,0.9,0,0,0,0,1,1,30,4,0,0,122,0,0,-1,0,5.64
0,0,-327,0,0,0,0,0.2,0.8,0,0,0,1,1,3,29,2,0,0,0,0,0,-1,0,3.83
0,0,0,0,1,0,0,0.6666666666666666,0.3333333333333333,0,0,0,0,0,1,30,9,0,0,0,0,0,-1,1,
0,0,-78,0,0,0,0,0.4848484848484848,0.5151515151515151,0,0,0,0,1,1,29,1,0,0,2,0,0,-1,0,3.48
0,0,0,0,0,0,0,0.3333333333333333,0.6666666666666666,0,0,0,0,0,1,30,1,0,0,0,0,0,-1,0,5.5
0,0,0,0,1,0,0,0,0,0,0,0,0,1,0,30,1,0,0,0,0,0,-1,1,
1,0,0,0,0,0,0,0.4705882352941176,0.5294117647058824,0,0,0,0,1,0,30,5,0,0,95,0,0,-1,0,3.99
3,0,0,0,0,0.2121212121212121,0,0.5625,0.4375,0,0,0,1,0,1,26,2,0,0,31,0,0,-1,0,4.9
3,0,0,0,0,0.051724138,0,0.46875,0.53125,0,0,0,1,1,0,30,3,0,0,179,0,0,-1,0,4.75
0,0,-59,0,0,0,0,0.3548387096774194,0.6451612903225806,0,0,0,0,1,0,30,1,0,0,143,0,0,-1,0,5.14
1,0,-78,0,0,0,0,0.3773584905660377,0.6226415094339622,0,0,0,0,1,4,27,3,0,0,0,0,0,-1,0,4.95
0,0,-51,0,0,0,0,0.6,0.4,0,0,0,1,1,1,29,1,0,0,18,0,0,-1,0,5.48
0,0,0,0,1,0,0,0.5,0.5,0,0,0,0,1,1,30,1,0,0,1,0,0,-1,1,3.97
0,0,-310,0,0,0,0,0.40625,0.59375,0,0,0,0,0,3,27,2,0,0,15,0,0,-1,0,4.67
1,0,-347,0,0,0,0,0.475,0.525,0,0,0,0,0,0,30,3,0,0,45,0,0,-1,0,5.23
0,0,-86,0,1,0,0,0.52,0.48,0,0,0,1,1,1,30,2,0,0,26,0,0,-1,0,5.74
1,0,-34,0,0,0,0,0,1,0,0,0,0,1,2,29,4,0,0,472,0,0,-1,0,4.62
0,0,-60,0,0,0,0,0.35,0.65,0,0,0,0,1,0,29,2,0,1,223,0,0,-1,0,4.87
0,0,-125,0,0,0,0,0.375,0.625,0,0,0,0,1,1,30,3,0,0,26,0,0,-1,0,5.51
0,0,-73,0,0,0,0,0.1304347826086956,0.8695652173913043,0,0,0,1,1,1,30,4,0,0,110,0,0,-1,0,5.32
3,0,0,0,0,0,0,0.6923076923076923,0.3076923076923077,0,0,0,1,1,2,26,1,0,0.5,1,0,0,-1,0,4.81
1,0,-281,0,0,0.1451612903225806,0,0.84,0.16,0,0,0,0,1,0,30,1,0,0,144,0,0,-1,0,7.65
1,0,0,0,0,0,0,0.5714285714285714,0.4285714285714285,0,0,0,1,1,0,30,1,0,0,0,0,0,-1,0,4.92
3,0,0,1,0,0,0,0.5,0.5,0,0,0,1,1,1,17,2,0,0.5,0,0,0,-1,0,5.03
0,0,-225,0,0,0.1054852320675105,0,0.35,0.65,0,0,0,1,0,4,30,1,0,0,11,0,0,-1,0,4.57
0,0,-81,0,0,0,0,0.2068965517241379,0.7931034482758621,0,0,0,1,1,0,30,1,0,0,21,0,0,-1,0,5.26
0,0,0,0,1,0,0,0.5,0.5,0,0,0,0,0,1,30,1,0,0,1,0,0,-1,1,2.45
0,0,-60,0,0,0.048913043,0,0.5625,0.4375,0,0,0,0,1,3,30,3,0,0,1,0,0,-1,0,4.86
0,0,0,0,0,0.2368421052631578,0,0.5,0.5,0,0,0,0,0,0,30,1,0,0,62,0,0,-1,0,4.5
0,0,0,0,1,0,0,1,0,0,0,0,0,0,0,30,1,0,0,0,0,0,-1,0,3.64
0,0,-254,0,0,0.1896551724137931,0,0.3333333333333333,0.6666666666666666,0,0,0,1,1,1,30,2,0,0,124,0,0,-1,0,5.12
2,0,0,0,0,0,0,0.4545454545454545,0.5454545454545454,0,0,0,1,0,0,29,1,0,0.5,57,0,0,-1,0,5.67
1,0,0,0,0,0,0,0.7222222222222222,0.2777777777777778,0,0,0,1,1,0,30,3,0,0,31,0,0,-1,0,5.82
0,0,0,0,1,0,0,0,0,0,0,0,0,1,0,28,1,0,0,0,0,0,-1,0,5.18
0,0,0,0,1,0,0,0.3333333333333333,0.6666666666666666,0,0,0,0,1,1,30,1,0,0,0,0,0,-1,1,1.59
1,0,0,0,0,0,0,0.3968253968253968,0.6031746031746031,0,0,0,0,1,0,30,1,0,1,140,0,0,-1,0,3.92
0,0,-37,0,0,0.1111111111111111,0,0.4571428571428571,0.5428571428571428,0,0,0,0,1,0,30,1,0,0,167,0,0,-1,0,4.96
0,0,-31,0,0,0,0,0.2,0.8,0,0,0,0,0,1,29,1,0,0.5,0,0,0,-1,0,5.47
0,0,-347,0,0,0,0,0.038461538,0.9615384615384616,0,0,0,0,1,4,30,1,0,0,728,0,0,-1,0,6.05
0,0,0,0,0,0.8421052631578947,0,0.3333333333333333,0.6666666666666666,0,0,0,0,0,0,29,1,0,0,5,0,0,-1,0,4.79
2,0,-116,0,0,0.8426966292134831,0,0.7666666666666667,0.2333333333333333,0,0,0,0,1,0,29,4,0,0,79,0,0,-1,0,6.02
0,0,-228,0,0,0.2260869565217391,0,0.4705882352941176,0.5294117647058824,0,0,0,1,0,0,30,1,0,0,59,0,0,-1,0,5.4
0,0,-154,0,0,0,0,0.2962962962962963,0.7037037037037037,0,0,0,1,1,5,30,3,0,0,3,0,0,-1,0,5.28
1,0,-303,0,0,0,0,0.2808988764044944,0.7191011235955056,0,0,0,0,1,3,30,2,0,0,0,0,0,-1,0,5.06
0,0,-29,0,0,0,0,0.3461538461538461,0.6538461538461539,0,0,0,0,1,0,30,1,0,0,213,0,0,-1,0,4.9
0,0,-76,0,0,0.1875,0,0.4736842105263157,0.5263157894736842,0,0,0,1,1,0,27,2,0,0,111,0,0,-1,0,5.17
2,0,-71,0,0,0,0,0.08,0.92,0,0,0,1,1,0,30,2,0,0,314,0,0,-1,0,5.05
1,0,-67,0,0,0,0,0.5,0.5,0,0,0,1,1,1,30,1,0,0,0,0,0,-1,0,4.48
0,0,0,0,1,0,0,1,0,0,0,0,0,1,0,30,1,0,0,0,0,0,-1,1,3.28
0,0,0,0,0,0,0,0,1,0,0,0,0,0,0,30,1,0,0,3,0,0,-1,0,3.71
1,0,-310,0,1,0,0,0.8333333333333334,0.1666666666666666,0,0,0,1,1,0,30,2,0,0,14,0,0,-1,0,4.42
2,0,-182,0,0,0.1702127659574468,0,0.2307692307692307,0.7692307692307693,0,0,0,1,1,1,30,4,0,0,207,0,0,-1,0,5.8
1,0,0,0,0,0.7405857740585774,0,0.6923076923076923,0.3076923076923077,0,0,0,0,0,1,27,1,0,0,55,0,0,-1,0,2.82
0,0,0,0,0,0,0,0.6666666666666666,0.3333333333333333,0,0,0,0,1,1,30,2,0,0,0,0,0,-1,1,
2,0,-291,0,0,0.2467532467532467,0,0.6341463414634146,0.3658536585365853,0,0,0,0,1,3,9,4,0,0,185,0,0,-1,0,5.15
0,0,-210,0,0,0,0,0.5238095238095238,0.4761904761904761,0,0,0,1,1,5,30,1,0,0,36,0,0,-1,0,5.9
1,0,-310,0,0,0,0,0.3888888888888889,0.6111111111111112,0,0,0,0,1,2,29,2,0,0,0,0,0,-1,0,5.67
0,0,-230,0,0,0,0,0.4782608695652174,0.5217391304347826,0,0,0,1,1,0,30,2,0,0,2,0,0,-1,0,5.43
1,0,-36,0,0,0,0,0.3478260869565217,0.6521739130434783,0,0,0,1,0,0,30,1,0,0,185,0,0,-1,0,5.31
0,0,-276,0,0,0,0,0.2,0.8,0,0,0,0,1,1,29,1,0,0.5,9,0,0,-1,0,5.24
1,0,0,0,0,0,0,0.5555555555555556,0.4444444444444444,0,0,0,0,1,0,30,2,0,0,315,0,0,-1,0,4.11
0,0,-370,0,0,0,0,0.6206896551724138,0.3793103448275862,0,0,0,0,1,1,30,1,0,0.5,4,0,0,-1,0,5.47
1,0,-267,0,0,0,0,0.2857142857142857,0.7142857142857143,0,0,0,1,1,1,30,2,0,0,0,0,0,-1,0,4.53
2,0,0,0,0,0.093023256,0,0.1063829787234042,0.8936170212765957,0,0,0,0,1,0,29,1,0,0,161,0,0,-1,0,5.08
2,0,0,0,1,0,0,0.6153846153846154,0.3846153846153846,0,0,0,0,0,0,30,1,0,0.5,0,0,0,-1,1,1.94
1,0,-78,0,0,0.1034482758620689,0,0.5263157894736842,0.4736842105263157,0,0,0,1,1,0,20,2,0,0,169,0,0,-1,0,5.92
3,0,0,0,0,0,0,0.125,0.875,0,0,0,0,1,1,28,3,0,0,12,0,0,-1,0,5.37
1,0,0,0,0,0,0,0.3157894736842105,0.6842105263157895,0,0,0,0,1,1,30,3,0,0,6,0,0,-1,0,5.29
1,0,0,0,0,0,0,0.1481481481481481,0.8518518518518519,0,0,0,0,0,0,11,1,0,0,97,0,0,-1,0,5.47
1,0,0,0,0,0,0,0.5,0.5,0,0,0,0,0,0,29,1,0,0,0,0,0,-1,0,4.37
1,0,0,0,0,0,0,0.1272727272727272,0.8727272727272727,0,0,0,1,1,1,20,1,0,0,2,0,0,-1,0,4.47
1,0,0,0,0,0.076923077,0,0.4,0.6,0,0,0,0,1,1,29,1,0,0,16,0,0,-1,0,4.53
1,0,-244,0,0,0.3333333333333333,0,0.7571428571428571,0.2428571428571428,0,0,0,1,1,2,30,2,0,0,0,0,0,-1,0,5.74
1,0,0,0,0,0.8,0,0,0,0,0,0,0,1,0,30,1,0,0,3,0,0,-1,0,4.55
1,0,-58,0,0,0.2840909090909091,0,0.4,0.6,0,0,0,1,1,1,30,1,0,0,66,0,0,-1,0,5.68
0,0,-292,0,0,0,0,0.15625,0.84375,0,0,0,0,1,1,19,1,0,0,17,0,0,-1,0,5.71
1,0,-39,0,0,0,0,0.45,0.55,0,0,0,1,1,1,30,1,0,0.5,99,0,0,-1,0,5.73
2,0,0,0,0,0,0,0.1176470588235294,0.8823529411764706,0,0,0,1,0,2,24,1,0,0,4,0,0,-1,0,5.26
0,0,-68,0,0,0.293103448,0,0.3877551020408163,0.6122448979591837,0,0,0,0,1,0,30,2,0,1,225,0,0,-1,0,5.35
2,0,-73,0,0,0,0,0.125,0.875,0,0,0,0,1,0,30,1,0,0,0,0,0,-1,0,4.89
0,0,0,0,0,0,0,0.75,0.25,0,0,0,0,1,1,30,1,0,0,0,0,0,-1,1,2.55
1,0,0,0,0,0.1587301587301587,0,0.625,0.375,0,0,0,1,1,0,16,2,0,0,101,0,0,-1,0,3.59
0,0,-43,0,0,0,0,0.5,0.5,0,0,0,0,0,0,30,1,0,0,7,0,0,-1,0,4.64
0,0,-219,0,0,0,0,0.3783783783783784,0.6216216216216216,0,0,0,0,1,2,29,2,0,0,22,0,0,-1,0,5.16
2,0,-57,0,0,0.1185185185185185,0,0.2068965517241379,0.7931034482758621,0,0,0,1,1,1,29,1,0,0,0,0,0,-1,0,4.52
2,0,0,0,0,0.176056338,0,0.42,0.58,0,0,0,1,1,0,30,3,0,0,283,0,0,-1,0,4.76
1,0,0,1,0,0,0,0.7352941176470589,0.2647058823529412,0,0,0,1,1,1,30,1,0,0.5,73,0,0,-1,0,5.3
0,0,0,1,0,0,0,0.5652173913043478,0.4347826086956521,0,0,0,1,1,1,28,1,0,0.5,4,0,0,-1,0,5.3
3,0,0,0,0,0,0,0.5,0.5,0,0,0,0,1,0,29,3,0,0.5,80,0,0,-1,0,5.19
0,0,-74,0,0,0,0,0.7368421052631579,0.2631578947368421,0,0,0,0,1,1,29,1,0,0.5,25,0,0,-1,0,4.78
2,0,0,0,1,0,0,0.4444444444444444,0.5555555555555556,0,0,0,0,1,1,27,1,0,0.5,6,0,0,-1,0,3.7
0,0,0,0,1,0,0,0.8571428571428571,0.1428571428571428,0,0,0,0,0,0,30,1,0,0,3,0,0,-1,0,5.17
0,0,0,0,0,0.4,0,0,1,0,0,0,0,1,0,30,1,0,0,0,0,0,-1,1,
1,0,-88,0,0,0.7185185185185186,0,0.4375,0.5625,0,0,0,0,1,0,30,2,0,1,328,0,0,-1,0,5.1
2,0,-274,0,0,0,0,0.5882352941176471,0.4117647058823529,0,0,0,1,0,1,26,1,0,0,1,0,0,-1,0,4.81
1,0,0,0,0,0.068965517,0,0.047619048,0.9523809523809524,0,0,0,1,1,2,30,1,0,0,0,0,0,-1,0,4.93
0,0,-289,0,0,0,0,0.217391304,0.782608696,0,0,0,0,1,6,30,1,0,0.5,1,0,0,-1,0,4
1,0,-25,0,0,0,0,0.3888888888888889,0.6111111111111112,0,0,0,0,1,1,19,2,0,0,0,0,0,-1,0,5.49
0,0,-56,0,0,0.7049180327868853,0,0.1,0.9,0,0,0,1,1,1,30,1,0,0.5,29,0,0,-1,0,4.68
4,0,0,0,0,0.95890411,0,0.3214285714285714,0.6785714285714286,0,0,0,1,1,0,26,1,0,0.5,315,0,0,-1,0,5.41
1,0,-99,0,0,0,0,0.1666666666666666,0.8333333333333334,0,0,0,0,1,2,30,7,0,0,5,0,0,-1,0,4.69
0,0,-43,0,0,0,0,0.6666666666666666,0.3333333333333333,0,0,0,0,1,0,30,1,0,0,1,0,0,-1,0,4.9
0,0,-71,0,0,0,0,0.4871794871794871,0.5128205128205128,0,0,0,1,1,0,30,1,0,1,235,0,0,-1,0,5.54
1,0,-23,0,0,0,0,0.5833333333333334,0.4166666666666667,0,0,0,0,0,0,30,1,0,0,2,0,0,-1,0,4.28
0,0,-139,0,0,0,0,0.8235294117647058,0.1764705882352941,0,0,0,0,1,0,30,1,0,0,8,0,0,-1,0,5.34
1,0,-272,0,0,0,0,0.4666666666666667,0.5333333333333333,0,0,0,1,1,3,30,3,0,0,4,0,0,-1,0,4.73
0,0,0,0,0,0,0,0.75,0.25,0,0,0,0,1,1,30,1,0,0,0,0,0,-1,1,
0,0,-162,0,0,0,0,0.5714285714285714,0.4285714285714285,0,0,0,1,1,1,30,2,0,0,52,0,0,-1,0,5.35
0,0,-39,0,0,0.1551724137931034,0,0.3636363636363636,0.6363636363636364,0,0,0,1,1,2,30,2,0,0,42,0,0,-1,0,3.22
0,0,-61,0,0,0,0,0.3793103448275862,0.6206896551724138,0,0,0,0,1,1,30,3,0,0,51,0,0,-1,0,4.86
0,0,-304,0,0,0,0,0.3783783783783784,0.6216216216216216,0,0,0,1,1,5,30,2,0,0.5,26,0,0,-1,0,5.58
0,0,-150,0,0,0.1627906976744186,0,0.5909090909090909,0.4090909090909091,0,0,0,1,1,1,30,3,0,0.5,14,0,0,-1,0,5.18
2,0,0,0,0,0.1621621621621621,0,0.1923076923076923,0.8076923076923077,0,0,0,1,1,0,30,1,0,0,67,0,0,-1,0,5.49
1,0,-306,0,0,0,0,0.3333333333333333,0.6666666666666666,0,0,0,0,1,0,30,3,0,0,130,0,0,-1,0,5
1,0,-110,0,0,0,0,0.3888888888888889,0.6111111111111112,0,0,0,1,1,1,20,1,0,0,50,0,0,-1,0,5.37
2,0,0,0,0,0,0,0.3103448275862069,0.6896551724137931,0,0,0,0,1,4,28,1,0,0.5,6,0,0,-1,0,4.45
0,0,-67,0,0,0.2285714285714285,0,0.4320987654320987,0.5679012345679012,0,0,0,0,1,0,30,1,0,0,132,0,0,-1,0,3.43
0,0,-34,0,0,0.9615384615384616,0,0,1,0,0,0,0,1,0,20,2,0,0,28,0,0,-1,0,4.91
2,0,0,0,0,0.8541666666666666,0,0.2727272727272727,0.7272727272727273,0,0,0,0,1,2,29,1,0,0,0,0,0,-1,1,
1,0,-327,0,0,0,0,0.4166666666666667,0.5833333333333334,0,0,0,0,1,3,19,2,0,0,7,0,0,-1,0,4.97
0,0,0,0,0,0.1428571428571428,0,0.4615384615384615,0.5384615384615384,0,0,0,0,0,1,29,1,0,0,19,0,0,-1,1,0
1,0,-58,0,1,0,0,0,0,0,0,0,0,0,0,30,1,0,0,0,0,0,-1,0,5.46
0,0,-272,0,0,0,0,0.4666666666666667,0.5333333333333333,0,0,0,1,1,1,29,1,0,1,13,0,0,-1,0,5.47
1,0,-53,0,0,0,0,0.5189873417721519,0.4810126582278481,0,0,0,1,1,0,30,1,0,0,800,0,0,-1,0,5.47
0,0,-294,0,0,0.9206349206349206,0,0.1818181818181818,0.8181818181818182,0,0,0,0,0,0,29,1,0,0,75,0,0,-1,0,5.04
1,0,-234,0,0,0,0,0.2142857142857142,0.7857142857142857,0,0,0,1,1,1,29,2,0,0.5,10,0,0,-1,0,5.2
2,0,-20,0,0,0.07253886,0,0.4634146341463415,0.5365853658536586,0,0,0,0,1,3,29,1,0,0.5,61,0,0,-1,0,5.38
3,0,-45,0,0,0.036764706,0,0.3,0.7,0,0,0,1,1,1,29,1,0,0,317,0,0,-1,0,5.14
1,0,0,0,0,0,0,0.35,0.65,0,0,0,1,1,4,20,2,0,0,8,0,0,-1,0,5.12
1,0,0,0,0,0,0,0.2105263157894736,0.7894736842105263,0,0,0,0,1,0,13,1,0,0,24,0,0,-1,1,4.99
1,0,0,0,0,0,0,0,0,0,0,0,0,1,0,30,1,0,0,0,0,0,-1,0,5.02
1,0,0,0,1,0,0,0.071428571,0.9285714285714286,0,0,0,0,1,0,30,2,0,0,29,0,0,-1,0,3.11
0,0,0,0,1,0,0,0,0,0,0,0,0,1,0,30,1,0,0,0,0,0,-1,1,1.62
1,0,-252,0,0,0,0,0.3333333333333333,0.6666666666666666,0,0,0,1,1,4,30,2,0,0,9,0,0,-1,0,5.61
1,0,0,0,1,0,0,0.5,0.5,0,0,0,0,1,1,30,1,0,0,0,0,0,-1,0,5.08
0,0,0,0,1,0,0,0.5,0.5,0,0,0,0,0,1,30,1,0,0,1,0,0,-1,1,1.5
2,0,-60,0,0,0.546875,0,0.1904761904761904,0.8095238095238095,0,0,0,0,1,2,21,1,0,0,0,0,0,-1,0,5.31
0,0,-371,0,0,0,0,0.7777777777777778,0.2222222222222222,0,0,0,1,1,0,30,3,0,0,132,0,0,-1,0,4.9
0,0,-364,0,0,0,0,0.625,0.375,0,0,0,1,1,1,26,4,0,0.5,11,0,0,-1,0,5.12
4,0,0,0,1,0,0,0.1176470588235294,0.8823529411764706,0,0,0,0,1,4,30,4,0,0,0,0,0,-1,0,4.83
1,0,-54,0,0,0.1194029850746268,0,0.238095238,0.7619047619047619,0,0,0,0,0,0,30,1,0,0,168,0,0,-1,0,4.92
0,0,-31,0,0,0.3333333333333333,0,0.2142857142857142,0.7857142857142857,0,0,0,0,1,1,30,3,0,0.5,113,0,0,-1,0,4.98
1,0,0,0,0,0,0,0.4444444444444444,0.5555555555555556,0,0,0,1,0,1,29,1,0,0.5,0,0,0,-1,0,4.57
0,0,-78,0,0,0.032258065,0,0.6666666666666666,0.3333333333333333,0,0,0,0,1,0,29,2,0,0,40,0,0,-1,0,5.33
0,0,-256,0,0,0,0,0.6666666666666666,0.3333333333333333,0,0,0,0,1,1,30,3,0,0,19,0,0,-1,0,4.88
0,0,-31,0,0,0,0,0.2666666666666666,0.7333333333333333,0,0,0,1,1,0,29,1,0,0,251,0,0,-1,0,5.4
2,0,-73,0,0,0,0,0.2666666666666666,0.7333333333333333,0,0,0,0,1,0,30,1,0,0,33,0,0,-1,0,3.66
0,0,0,0,0,0,0,1,0,0,0,0,0,1,0,30,1,0,0,1,0,0,-1,1,
3,-1,0,0,0,0,0,0.4615384615384615,0.5384615384615384,0,0,0,1,1,0,20,1,0,1,6,0,0,-1,0,5.55
1,0,-266,0,1,0,0,0,0,0,0,0,0,1,0,30,1,0,0,0,0,0,-1,0,4.12
1,0,-301,0,1,0,0,0.4426229508196721,0.5573770491803278,0,0,0,0,1,0,28,3,0,0,35,0,0,-1,0,5.8
0,0,-56,0,0,0,0,0.4705882352941176,0.5294117647058824,0,0,0,0,0,2,30,1,0,0,187,0,0,-1,0,4.81
2,-1,-347,0,0,0,0,0.7118055555555556,0.2881944444444444,0,0,0,0,1,1,13,1,0,0,12,0,0,-1,0,5
1,0,-277,0,0,0,0,0.5384615384615384,0.4615384615384615,0,0,0,0,1,2,19,2,0,0,0,0,0,-1,0,5.12
0,0,-231,0,0,0,0,0.5161290322580645,0.4838709677419355,0,0,0,1,0,1,30,1,0,0,33,0,0,-1,0,4.69
0,0,0,0,0,0,0,0.75,0.25,0,0,0,0,1,1,30,1,0,0,0,0,0,-1,1,2.81
1,0,0,0,0,0.4117647058823529,0,0.5384615384615384,0.4615384615384615,0,0,0,0,0,0,30,1,0,0.5,236,0,0,-1,0,4.55
0,0,-136,0,0,0.9902912621359224,0,0.4,0.6,0,0,0,0,0,2,30,1,0,0,103,0,0,-1,0,3.23
0,0,0,0,1,0,0,0,0,0,0,0,0,0,0,30,1,0,0,1,0,0,-1,1,
0,0,-236,0,0,0,0,0.5555555555555556,0.4444444444444444,0,0,0,1,1,1,30,1,0,1,29,0,0,-1,0,4.99
1,0,-69,0,1,0,0,0.5,0.5,0,0,0,0,1,0,29,1,0,0,0,0,0,-1,1,
1,0,-58,0,1,0,0,0,0,0,0,0,0,0,0,30,1,0,0,0,0,0,-1,0,5.18
1,0,0,0,0,0.9824561403508772,0,0.3823529411764705,0.6176470588235294,0,0,0,0,1,0,30,2,0,0,180,0,0,-1,0,5.08
0,0,-33,0,0,0,0,0.3880597014925373,0.6119402985074627,0,0,0,1,0,2,26,1,0,0,156,0,0,-1,0,3.52
0,0,-363,0,0,0,0,0.4,0.6,0,0,0,0,1,1,29,4,0,0,0,0,0,-1,0,5.49
3,0,-99,0,0,0,0,0.1052631578947368,0.8947368421052632,0,0,0,1,1,0,13,2,0,0,15,0,0,-1,0,4.55
1,0,0,0,0,0.027472527,0,0.6470588235294118,0.3529411764705882,0,0,0,1,0,0,30,1,0,1,178,0,0,-1,0,3.65
0,0,-282,0,0,0.109090909,0,0.2857142857142857,0.7142857142857143,0,0,0,1,1,0,30,3,0,0,266,0,0,-1,0,4.57
0,0,0,0,1,0,0,0.5,0.5,0,0,0,0,0,1,27,1,0,0,1,0,0,-1,1,2.64
0,0,-152,0,0,0,0,0.65625,0.34375,0,0,0,0,1,1,30,2,0,0,26,0,0,-1,0,5.63
1,0,0,0,0,0,0,0.75,0.25,0,0,0,0,1,1,30,2,0,0,0,0,0,-1,1,2.46
0,0,-224,0,0,0,0,0.6470588235294118,0.3529411764705882,0,0,0,0,1,0,30,2,0,0.5,3,0,0,-1,0,5.31
1,0,-87,0,0,0.071428571,0,0.25,0.75,0,0,0,0,0,2,28,1,0,0,0,0,0,-1,0,4.75
1,0,0,0,0,0,0,0.7272727272727273,0.2727272727272727,0,0,0,1,1,1,29,2,0,0.5,6,0,0,-1,0,5.31
1,0,-235,0,0,0,0,0.1428571428571428,0.8571428571428571,0,0,0,0,1,4,30,2,0,0,21,0,0,-1,0,5.15
0,0,0,0,0,0.7972972972972973,0,0.6666666666666666,0.3333333333333333,0,0,0,0,0,0,30,1,0,0,33,0,0,-1,0,4.47
1,0,0,0,0,0,0,0.1428571428571428,0.8571428571428571,0,0,0,1,1,0,30,1,0,0.5,91,0,0,-1,0,5.27
0,0,-85,0,0,0,0,0.3181818181818182,0.6818181818181818,0,0,0,1,1,0,30,2,0,0,21,0,0,-1,0,3.7
0,0,-383,0,0,0,0,0.5161290322580645,0.4838709677419355,0,0,0,1,1,4,30,2,0,0,13,0,0,-1,0,5.15
1,0,-395,0,0,0.296551724,0,0.1282051282051282,0.8717948717948718,0,0,0,1,1,0,28,1,0,0,178,0,0,-1,0,5.01
0,0,-207,0,1,0,0,0.1363636363636363,0.8636363636363636,0,0,0,0,1,8,30,1,0,0,1,0,0,-1,0,5.13
1,0,-168,0,0,0,0,0.5333333333333333,0.4666666666666667,0,0,0,1,1,1,29,2,0,1,0,0,0,-1,0,5.08
0,0,0,0,1,0,0,0,0,0,0,0,0,1,0,30,12,0,0,1,0,0,-1,1,
0,0,-35,0,1,0,0,0,0,0,0,0,0,0,0,24,1,0,0,0,0,0,-1,0,4.98
0,0,-270,0,0,0,0,0.6666666666666666,0.3333333333333333,0,0,0,0,1,1,30,2,0,0.5,7,0,0,-1,0,6.43
3,0,0,0,0,0,0,0,1,0,0,0,0,0,0,24,1,0,0,7,0,0,-1,0,5.01
3,0,0,0,0,0,0,0.26,0.74,0,0,0,1,1,2,29,1,0,0,22,0,0,-1,0,4.52
1,0,-259,0,0,0,0,0.4090909090909091,0.5909090909090909,0,0,0,0,1,2,19,2,0,0.5,7,0,0,-1,0,5.01
1,0,-373,0,0,0,0,0.2222222222222222,0.7777777777777778,0,0,0,0,1,5,30,2,0,0,9,0,0,-1,0,5.59
1,0,-67,0,0,0,0,0.3333333333333333,0.6666666666666666,0,0,0,0,1,3,30,4,0,0,122,0,0,-1,0,5.14
0,0,-94,0,0,0,0,0.4230769230769231,0.5769230769230769,0,0,0,1,0,0,30,1,0,0.5,215,0,0,-1,0,5.22
1,0,0,0,0,0,0,0.7,0.3,0,0,0,0,1,0,30,1,0,0,1,0,0,-1,1,2.79
0,0,-53,0,0,0,0,0.7232142857142857,0.2767857142857143,0,0,0,1,1,2,30,1,0,0,82,0,0,-1,0,4.37
0,0,-206,0,0,0,0,0.3846153846153846,0.6153846153846154,0,0,0,0,1,0,30,3,0,0.5,4,0,0,-1,0,5.55
0,0,0,0,0,0.037037037,0,0.7272727272727273,0.2727272727272727,0,0,0,1,0,1,29,1,0,0.5,13,0,0,-1,0,5.01
1,0,-382,0,0,0,0,0.2666666666666666,0.7333333333333333,0,0,0,1,1,0,10,1,0,1,0,0,0,-1,0,4.68
1,0,-59,0,0,0,0,0.25,0.75,0,0,0,0,1,1,30,1,0,0.5,2,0,0,-1,0,4.53
2,0,-52,0,0,0,0,0.2105263157894736,0.7894736842105263,0,0,0,0,1,5,30,3,0,0.5,3,0,0,-1,0,5.72
0,0,-71,0,0,0.2972972972972973,0,0.2857142857142857,0.7142857142857143,0,0,0,0,0,0,27,1,0,0,261,0,0,-1,0,5.27
1,0,0,0,0,0,0,0.3333333333333333,0.6666666666666666,0,0,0,0,1,0,30,2,0,0.5,1,0,0,-1,0,5.65
1,0,0,0,0,0,0,0.4285714285714285,0.5714285714285714,0,0,0,0,1,0,30,4,0,0,47,0,0,-1,0,6.11
1,0,0,0,0,0,0,0.2222222222222222,0.7777777777777778,0,0,0,1,0,1,30,1,0,0,32,0,0,-1,0,5.25
1,0,-257,0,0,0.352112676,0,0.4285714285714285,0.5714285714285714,0,0,0,0,1,0,30,1,0,1,958,0,0,-1,0,5.56
1,0,-16,0,0,0.1282051282051282,0,0.7333333333333333,0.2666666666666666,0,0,0,1,0,1,30,1,0,0.5,30,0,0,-1,0,4.64
0,0,-41,0,0,0.93006993,0,0.2352941176470588,0.7647058823529411,0,0,0,1,1,4,15,1,0,0,107,0,0,-1,0,5.37
1,0,0,0,0,0,0,0.75,0.25,0,0,0,0,1,1,30,1,0,0,0,0,0,-1,1,
0,0,0,0,0,0,0,0.25,0.75,0,0,0,0,0,0,30,1,0,0.5,13,0,0,-1,0,5.79
1,0,-66,0,0,0,0,0.7777777777777778,0.2222222222222222,0,0,0,1,1,0,29,3,0,0,49,0,0,-1,0,3.38
0,0,0,0,1,0,0,0.6363636363636364,0.3636363636363636,0,0,0,0,1,0,29,1,0,0,0,0,0,-1,0,4.93
1,0,0,0,0,0,0,0.6111111111111112,0.3888888888888889,0,0,0,1,1,0,30,1,0,0.5,7,0,0,-1,0,5.06
1,0,0,0,1,0,0,0,0,0,0,0,0,0,0,30,1,0,0,2,0,0,-1,0,4.29
1,0,-166,0,0,0,0,0.1714285714285714,0.8285714285714286,0,0,0,1,1,3,30,4,0,0.5,0,0,0,-1,0,3.39
0,0,-45,0,0,0.018867925,0,0.2777777777777778,0.7222222222222222,0,0,0,0,0,2,30,1,0,0.5,58,0,0,-1,0,5.29
0,0,-27,0,1,0,0,0,0,0,0,0,0,1,0,30,1,0,0,1,0,0,-1,0,5.05
0,0,-272,0,0,0.041198502,0,0.82,0.18,0,0,0,0,1,2,30,4,0,0,532,0,0,-1,0,5.07
1,0,0,0,0,0,0,0.2142857142857142,0.7857142857142857,0,0,0,0,0,0,30,1,0,0,20,0,0,-1,0,5.41
0,0,-86,0,0,0,0,0.3076923076923077,0.6923076923076923,0,0,0,0,0,0,30,1,0,0,124,0,0,-1,0,4.59
0,0,0,0,1,0,0,0,1,0,0,0,0,1,0,29,4,0,0,0,0,0,-1,0,3.24
0,0,-62,0,1,0,0,0.5,0.5,0,0,0,0,1,1,30,1,0,0,1,0,0,-1,0,5.08
0,0,-49,0,0,0,0,0.066666667,0.9333333333333332,0,0,0,0,1,0,29,2,0,0,165,0,0,-1,0,5.12
0,0,-192,0,0,0,0,0.4782608695652174,0.5217391304347826,0,0,0,0,1,2,30,1,0,0,0,0,0,-1,0,5.49
0,0,-214,0,0,0,0,0.5588235294117647,0.4411764705882353,0,0,0,0,1,1,10,3,0,0,4,0,0,-1,0,5.08
0,0,-55,0,0,0,0,0.4418604651162791,0.5581395348837209,0,0,0,0,0,1,30,1,0,0,127,0,0,-1,0,5.35
0,0,0,0,1,0,0,0,0,0,0,0,0,1,0,30,1,0,0,1,0,0,-1,1,
2,0,-262,0,0,0.1866666666666666,0,0.3636363636363636,0.6363636363636364,0,0,0,0,1,0,20,2,0,0,117,0,0,-1,0,4.22
0,0,-356,0,1,0,0,0,1,0,0,0,0,0,0,28,1,0,0,0,0,0,-1,0,4.67
1,0,0,0,1,0,0,0.3846153846153846,0.6153846153846154,0,0,0,0,0,0,30,1,0,0.5,4,0,0,-1,0,5
0,0,0,0,0,0,0,0.75,0.25,0,0,0,0,1,0,30,2,0,0,129,0,0,-1,0,5.35
1,0,0,0,1,0,0,0.058823529,0.9411764705882352,0,0,0,0,1,3,30,3,0,0,11,0,0,-1,0,5.66
0,0,-63,0,0,0,0,0.7333333333333333,0.2666666666666666,0,0,0,0,1,1,30,2,0,0,2,0,0,-1,0,5.17
0,0,-68,0,0,0,0,0.7407407407407407,0.2592592592592592,0,0,0,0,1,0,30,1,0,0.5,7,0,0,-1,0,4.97
0,0,-375,0,0,0.988950276,0,0.4864864864864865,0.5135135135135135,0,0,0,1,1,1,10,4,0,0,141,0,0,-1,0,4.91
1,0,-213,1,0,0.055934516,0,0.6842105263157895,0.3157894736842105,0,0,0,0,1,1,28,2,0,1,732,0,0,-1,0,4.71
0,0,0,0,1,0,0,0,0,0,0,0,0,0,0,30,1,0,0,0,0,0,-1,1,
0,0,-74,0,0,0.224,0,0.037974684,0.9620253164556962,0,0,0,1,1,0,30,1,0,0,208,0,0,-1,0,3.19
0,0,-74,0,1,0,0,0,0,0,0,0,0,0,0,30,1,0,0,0,0,0,-1,1,
0,0,-235,0,0,0,0,0.5,0.5,0,0,0,0,0,0,30,1,0,0.5,1,0,0,-1,0,4.77
3,0,-284,0,0,0,0,0.5384615384615384,0.4615384615384615,0,0,0,1,1,1,30,3,0,0,69,0,0,-1,0,5.14
1,0,-65,0,0,0,0,0.2941176470588235,0.7058823529411765,0,0,0,1,1,5,23,4,0,0,61,0,0,-1,0,10
0,0,-75,0,0,0,0,0.010416667,0.9895833333333334,0,0,0,0,1,1,15,1,0,0,81,0,0,-1,0,9.13
1,0,-189,0,0,0,0,0.1111111111111111,0.8888888888888888,0,0,0,0,1,1,30,2,0,0,1035,0,0,-1,0,6.08
0,0,-75,0,0,0,0,0.066666667,0.9333333333333332,0,0,0,0,1,1,11,1,0,0,37,0,0,-1,0,9.13
2,0,-358,0,0,0,0,0.1,0.9,0,0,0,1,1,0,28,1,0,0,96,0,0,-1,0,5.41
0,0,-36,0,1,0,0,0,1,0,0,0,0,0,0,30,1,0,0,3,0,0,-1,0,
0,0,-37,0,0,0.088888889,0,0.5,0.5,0,0,0,0,1,0,29,1,0,0,0,0,0,-1,0,4.93
2,0,-198,0,0,0,0,0.5333333333333333,0.4666666666666667,0,0,0,0,1,1,29,2,0,0,16,0,0,-1,0,6.61
1,0,0,0,0,0,0,0.5352112676056338,0.4647887323943662,0,0,0,1,1,2,30,4,0,0,178,0,0,-1,0,6.22
2,0,-8,0,0,0,0,0.047619048,0.9523809523809524,0,0,0,0,1,1,30,1,0,0.5,66,0,0,-1,0,10
0,0,-55,0,0,0.5961538461538461,0,0,1,0,0,0,0,1,1,29,1,0,0,50,0,0,-1,0,3.11
2,0,0,0,0,0.8,0,0,1,0,0,0,0,1,0,28,1,0,0,6,0,0,-1,1,3.36
1,0,-65,0,0,0,0,0.2325581395348837,0.7674418604651163,0,0,0,1,1,5,22,4,0,0,96,0,0,-1,0,10
1,0,-65,0,0,0,0,0.2941176470588235,0.7058823529411765,0,0,0,1,1,5,28,4,0,0,61,0,0,-1,0,10
2,0,-33,0,0,0,0,0.3508771929824561,0.6491228070175439,0,0,0,0,1,2,30,2,0,0,0,0,0,-1,0,4.99
3,0,-75,0,0,0,0,0.6923076923076923,0.3076923076923077,0,0,0,1,1,1,30,1,0,0,10,0,0,-1,0,4.33
0,0,-127,0,0,0,0,0.375,0.625,0,0,0,1,1,1,27,2,0,0,744,0,0,-1,0,5.32
2,0,-8,0,0,0,0,0.047619048,0.9523809523809524,0,0,0,0,1,1,30,1,0,0.5,28,0,0,-1,0,6.92
1,0,-283,1,0,0,0,0.4782608695652174,0.5217391304347826,0,0,0,0,1,0,30,4,0,0,480,0,0,-1,0,3.71
3,0,-165,0,0,0,0,0.4444444444444444,0.5555555555555556,0,0,0,0,1,6,29,4,0,0,392,0,0,-1,0,6.05
1,0,-243,0,0,0,0,0.6875,0.3125,0,0,0,0,1,4,8,3,0,0,88,0,0,-1,0,8
2,0,-203,0,0,0.5,0,0.5,0.5,0,0,0,0,1,0,3,2,0,0,11,0,0,-1,0,5.44
2,0,0,0,0,0.8333333333333334,0,0.2,0.8,0,0,0,0,1,1,13,4,0,0,16,0,0,-1,0,10
1,0,-65,0,0,0,0,0.2941176470588235,0.7058823529411765,0,0,0,1,1,5,1,4,0,0,61,0,0,-1,0,10
1,0,0,0,0,0,0,0.3,0.7,0,0,0,1,1,3,9,4,0,0,25,0,0,-1,0,4.79
1,0,-243,0,0,0,0,0.6875,0.3125,0,0,0,0,1,4,5,3,0,0,88,0,0,-1,0,8
2,0,-382,0,0,0,0,0.2941176470588235,0.7058823529411765,0,0,0,0,1,1,30,2,0,0,3,0,0,-1,0,5.64
0,0,-75,0,0,0,0,0.045454545,0.9545454545454546,0,0,0,0,1,1,11,1,0,0,17,0,0,-1,0,9.13
2,0,-157,0,0,0,0,0.5,0.5,0,0,0,1,1,1,30,2,0,0,54,0,0,-1,0,5.03
2,0,-329,0,0,0,0,0.7162162162162162,0.2837837837837837,0,0,0,0,1,5,30,4,0,0,140,0,0,-1,0,6.22
1,0,-65,0,0,0,0,0.2325581395348837,0.7674418604651163,0,0,0,1,1,5,26,4,0,0,98,0,0,-1,0,10
2,0,-317,0,0,0.025362319,0,0.5494505494505495,0.4505494505494505,0,0,0,1,1,1,28,2,0,0.5,46,0,0,-1,0,5.08
2,0,-226,0,0,0,0,0.5882352941176471,0.4117647058823529,0,0,0,0,1,1,8,2,0,0,198,0,0,-1,0,5.41
1,0,0,0,0,0,0,0.5,0.5,0,0,0,0,0,0,30,1,0,0,0,0,0,-1,1,3.02
2,0,-161,0,0,0,0,0.5384615384615384,0.4615384615384615,0,0,0,0,1,1,30,2,0,0,582,0,0,-1,0,6.7
2,0,-49,0,0,0,0,0.5,0.5,0,0,0,1,0,0,30,1,0,0,43,0,0,-1,0,5.62
0,0,-65,0,0,0.1531791907514451,0,0.2857142857142857,0.7142857142857143,0,0,0,1,1,0,30,1,0,0,319,0,0,-1,0,3.99
1,0,-282,0,0,0,0,0.6666666666666666,0.3333333333333333,0,0,0,1,1,3,30,1,0,0.5,88,0,0,-1,0,5.47
0,0,-75,0,0,0,0,0.041666667,0.9583333333333334,0,0,0,0,1,1,30,1,0,0,19,0,0,-1,0,9.13
1,0,-39,0,1,0,0,0,0,0,0,0,0,1,0,30,12,0,0,3,0,0,-1,0,2.92
1,0,-207,0,0,0,0,0.5,0.5,0,0,0,0,0,0,30,1,0,0,0,0,0,-1,0,2.99
0,0,-329,0,0,0,0,0.4,0.6,0,0,0,0,1,0,30,1,0,0,13,0,0,-1,0,5.11
1,0,-65,0,0,0,0,0.2325581395348837,0.7674418604651163,0,0,0,1,1,5,17,4,0,0,98,0,0,-1,0,10
0,0,-169,0,0,0.1395348837209302,0,0.2,0.8,0,0,0,0,1,2,30,2,0,0.5,163,0,0,-1,0,
3,0,0,0,0,0,0,0.2222222222222222,0.7777777777777778,0,0,0,0,1,0,30,4,0,0,8,0,0,-1,0,5.89
1,0,-45,0,0,0.5,0,0,0,0,0,0,0,1,0,30,4,0,0,2,0,0,-1,0,6.11
0,0,-67,0,0,0.4074074074074074,0,0.2857142857142857,0.7142857142857143,0,0,0,0,1,0,14,1,0,0,2,0,0,-1,0,5.47
1,0,0,0,0,0,0,0.3157894736842105,0.6842105263157895,0,0,0,0,0,2,30,1,0,0,1,0,0,-1,1,2.04
1,0,-243,0,0,0,0,0.6590909090909091,0.3409090909090909,0,0,0,0,1,4,29,3,0,0,68,0,0,-1,0,8
2,0,-303,0,0,0,0,0.3,0.7,0,0,0,1,1,0,30,2,0,0,7,0,0,-1,0,5.01
2,0,0,0,0,0,0,0,0,0,0,0,0,1,0,26,2,0,0,0,0,0,-1,1,2.86
3,0,-8,0,0,0,0,0.047619048,0.9523809523809524,0,0,0,0,1,1,30,1,0,0.5,66,0,0,-1,0,10
0,0,-58,0,1,0,0,0.5,0.5,0,0,0,0,1,1,30,1,0,0,1,0,0,-1,0,4.95
1,0,-147,0,1,0,0,0,0,0,0,0,0,1,0,2,1,0,0,3,0,0,-1,0,10
0,0,-90,0,0,0,0,0,0,0,0,0,0,1,0,30,1,0,0,0,0,0,-1,0,3.69
0,0,-227,0,0,0,0,0.4375,0.5625,0,0,0,1,1,0,30,1,0,0.5,43,0,0,-1,0,5.19
2,0,-54,0,0,0,0,0.5483870967741935,0.4516129032258064,0,0,0,0,1,1,30,1,0,0,3,0,0,-1,0,3.01
0,0,0,0,0,0,0,0.75,0.25,0,0,0,0,1,1,30,1,0,0,0,0,0,-1,1,
1,0,-88,0,0,0.8622047244094488,0,0.875,0.125,0,0,0,0,1,0,25,4,0,0.5,22,0,0,-1,0,5.53
3,0,-165,0,0,0,0,0.4444444444444444,0.5555555555555556,0,0,0,0,1,6,30,4,0,0,388,0,0,-1,0,6.05
3,0,0,0,0,0,0,0.3043478260869565,0.6956521739130435,0,0,0,0,1,0,22,1,0,0,669,0,0,-1,0,7.55
1,0,0,0,0,0,0,0.4230769230769231,0.5769230769230769,0,0,0,0,0,1,28,1,0,1,2,0,0,-1,1,1.23
1,0,-38,0,0,0,0,0.2413793103448276,0.7586206896551724,0,0,0,0,1,1,30,1,0,0,7,0,0,-1,0,1.79
0,0,-75,0,0,0,0,0.055555556,0.9444444444444444,0,0,0,0,1,1,1,1,0,0,13,0,0,-1,0,9.13
1,0,0,0,0,0,0,0.3157894736842105,0.6842105263157895,0,0,0,0,0,0,30,1,0,0,0,0,0,-1,1,0.91
0,0,-51,0,1,0,0,0.5,0.5,0,0,0,0,1,1,30,1,0,0,1,0,0,-1,0,4.95
3,0,0,0,0,0,0,0.2950819672131147,0.7049180327868853,0,0,0,1,1,1,30,3,0,0,34,0,0,-1,0,5.44
0,0,-65,0,0,0.1146953405017921,0,0.2307692307692307,0.7692307692307693,0,0,0,0,1,0,29,1,0,0,270,0,0,-1,0,2.99
0,0,-145,0,1,0,0,0,0,0,0,0,0,1,0,5,2,0,0,0,0,0,-1,0,5.46
1,0,0,0,0,0,0,0.3214285714285714,0.6785714285714286,0,0,0,1,1,0,5,1,0,0,520,0,0,-1,0,7.15
3,0,-165,0,0,0,0,0.4444444444444444,0.5555555555555556,0,0,0,0,1,6,26,4,0,0,359,0,0,-1,0,6.05
1,0,-84,0,0,0.4285714285714285,0,0.3555555555555555,0.6444444444444445,0,0,0,0,1,2,30,1,0,0,104,0,0,-1,0,4.35
0,0,-127,0,0,0,0,0.375,0.625,0,0,0,1,1,1,20,2,0,0,417,0,0,-1,0,5.32
2,0,-51,0,0,0.1447368421052631,0,0.4666666666666667,0.5333333333333333,0,0,0,1,1,3,8,2,0,0,84,0,0,-1,0,5.77
0,0,-329,0,0,0,0,0.4,0.6,0,0,0,0,1,0,30,1,0,0,12,0,0,-1,0,5.11
0,0,0,0,1,0,0,1,0,0,0,0,0,1,0,27,1,0,0,6,0,0,-1,0,4.53
1,0,-158,0,0,0.4915254237288136,0,0.6363636363636364,0.3636363636363636,0,0,0,0,1,1,30,3,0,0,0,0,0,-1,0,5.12
0,0,-78,0,0,0,0,0.7,0.3,0,0,0,0,1,0,30,1,0,0.5,4,0,0,-1,0,2.65
0,0,-49,0,0,0.9928952042628776,0,0.6,0.4,0,0,0,0,0,0,30,1,0,0,744,0,0,-1,0,4.68
2,0,0,0,1,0,0,0.2222222222222222,0.7777777777777778,0,0,0,0,0,0,28,1,0,0,189,0,0,-1,1,2.66
1,0,-147,0,1,0,0,0,0,0,0,0,0,1,0,14,1,0,0,3,0,0,-1,0,10
0,0,-48,0,1,0,0,0.5,0.5,0,0,0,0,1,1,30,1,0,0,1,0,0,-1,1,0
2,0,0,0,0,0,0,0.5384615384615384,0.4615384615384615,0,0,0,0,1,0,29,1,0,0,139,0,0,-1,1,2.77
0,0,-22,0,1,0,0,0.5,0.5,0,0,0,0,0,1,29,1,0,0,1,0,0,-1,1,
0,0,0,0,1,0,0,0.5,0.5,0,0,0,0,1,1,30,1,0,0,1,0,0,-1,1,1.69
2,0,-85,0,1,0,0,0.1,0.9,0,0,0,0,1,5,24,1,0,0,1,0,0,-1,0,4.85
1,0,0,0,1,0,0,0.5,0.5,0,0,0,0,0,0,30,1,0,0,0,0,0,-1,0,2.35
0,0,-265,1,0,0,0,0.8620689655172413,0.1379310344827586,0,0,0,0,1,0,30,1,0,0.5,0,0,0,-1,0,3.27
1,0,-49,0,0,0,0,0,1,0,0,0,0,0,0,29,1,0,0.5,2,0,0,-1,0,4.98
1,0,0,1,0,0,0,0.4,0.6,0,0,0,0,0,1,30,2,0,0.5,37,0,0,-1,0,5.66
0,0,-329,0,0,0,0,0.4210526315789473,0.5789473684210527,0,0,0,0,1,0,29,1,0,0,10,0,0,-1,0,3.6
0,0,-75,0,0,0,0,0.027027027,0.972972973,0,0,0,0,1,1,12,1,0,0,29,0,0,-1,0,9.13
0,0,-75,0,0,0,0,0.016949153,0.9830508474576272,0,0,0,0,1,1,8,1,0,0,45,0,0,-1,0,9.13
0,0,-49,0,0,0.9928952042628776,0,0.6,0.4,0,0,0,0,0,0,29,1,0,0,744,0,0,-1,0,4.68
2,0,-313,0,0,0,0,0.4509803921568627,0.5490196078431373,0,0,0,0,1,2,29,5,0,0,174,0,0,-1,0,5.33
1,0,-43,0,0,0,0,1,0,0,0,0,1,0,0,30,1,0,0,2,0,0,-1,0,3.26
2,0,-312,0,0,0,0,0.052631579,0.9473684210526316,0,0,0,0,1,4,7,3,0,0,147,0,0,-1,0,6.98
2,0,-90,0,0,0,0,0.2222222222222222,0.7777777777777778,0,0,0,1,0,1,28,1,0,0,29,0,0,-1,0,5.25
0,0,-75,0,0,0,0,0.020408163,0.979591837,0,0,0,0,1,1,23,1,0,0,39,0,0,-1,0,9.13
0,0,0,0,1,0,0,0,0,0,0,0,0,1,0,30,1,0,0,0,0,0,-1,0,5.15
3,0,-255,0,0,0,0,0.6956521739130435,0.3043478260869565,0,0,0,0,1,1,30,2,0,0.5,67,0,0,-1,0,5.24
1,0,-165,0,0,0,0,0.4642857142857143,0.5357142857142857,0,0,0,0,1,6,30,1,0,0,0,0,0,-1,0,5.56
0,0,-75,0,0,0,0,0.05,0.95,0,0,0,0,1,1,19,1,0,0,17,0,0,-1,0,9.13
0,0,-227,0,0,0,0,0.3,0.7,0,0,0,1,1,0,16,1,0,1,71,0,0,-1,0,8.1
1,0,-220,0,0,0,0,0.7024504084014003,0.2975495915985998,0,0,0,0,1,1,30,4,0,0,109,0,0,-1,0,7.15
0,0,-322,0,0,0.1818181818181818,0,0.3076923076923077,0.6923076923076923,0,0,0,0,0,0,15,1,0,0,25,0,0,-1,0,5.6
2,0,0,0,0,0,0,0.3333333333333333,0.6666666666666666,0,0,0,0,1,1,7,1,0,0.5,342,0,0,-1,0,5.51
2,0,-8,0,0,0,0,0.047619048,0.9523809523809524,0,0,0,0,1,1,10,1,0,0.5,66,0,0,-1,0,10
1,0,-88,0,0,0,0,0.1136363636363636,0.8863636363636364,0,0,0,0,1,1,30,4,0,0,1,0,0,-1,0,5.99
1,0,0,0,0,0,0,0.3653846153846153,0.6346153846153846,0,0,0,0,1,1,30,1,0,0,14,0,0,-1,1,3.33
1,0,-75,0,0,0.063636364,0,0.2258064516129032,0.7741935483870968,0,0,0,0,1,0,29,1,0,0,212,0,0,-1,0,5.83
1,0,-147,0,1,0,0,0,0,0,0,0,0,1,0,1,1,0,0,3,0,0,-1,0,10
0,0,0,0,0,0,0,0.75,0.25,0,0,0,0,1,1,30,1,0,0,0,0,0,-1,1,2.92
1,0,-65,0,0,0,0,0.2325581395348837,0.7674418604651163,0,0,0,1,1,5,28,4,0,0,99,0,0,-1,0,10
1,0,-65,0,0,0,0,0.2941176470588235,0.7058823529411765,0,0,0,1,1,5,29,4,0,0,61,0,0,-1,0,10
0,0,-329,0,0,0,0,0.4285714285714285,0.5714285714285714,0,0,0,0,1,0,30,1,0,0,25,0,0,-1,0,5.11
2,0,-190,0,1,0,0,0,1,0,0,0,0,1,1,30,3,0,0,3,0,0,-1,0,7.05
1,0,0,0,0,0,0,0.4,0.6,0,0,0,0,0,1,30,1,0,1,0,0,0,-1,1,
0,0,-351,0,0,0,0,0.6,0.4,0,0,0,0,1,0,30,1,0,0,0,0,0,-1,0,2.21
2,0,0,0,0,0,0,0.5833333333333334,0.4166666666666667,0,0,0,0,1,1,9,2,0,0.5,28,0,0,-1,0,3.93
2,0,-81,0,0,0,0,0.5333333333333333,0.4666666666666667,0,0,0,1,1,1,10,2,0,0,0,0,0,-1,0,5.16
1,0,0,0,0,0.089552239,0,0.1764705882352941,0.8235294117647058,0,0,0,1,1,1,30,4,0,0,135,0,0,-1,0,5.09
3,0,-165,0,0,0,0,0.4444444444444444,0.5555555555555556,0,0,0,0,1,6,2,4,0,0,404,0,0,-1,0,6.05
0,0,0,0,1,0,0,0.5,0.5,0,0,0,0,1,1,30,1,0,0,1,0,0,-1,1,2.72
0,0,-15,0,0,0,0,0.625,0.375,0,0,0,0,1,0,1,1,0,0,4,0,0,-1,0,5.35
0,0,-262,0,1,0,0,0,1,0,0,0,0,1,0,29,1,0,0,1,0,0,-1,0,4.98
0,0,-329,0,0,0,0,0.4285714285714285,0.5714285714285714,0,0,0,0,1,0,30,1,0,0,19,0,0,-1,0,5.11
2,0,-8,0,0,0,0,0.047619048,0.9523809523809524,0,0,0,0,1,1,16,1,0,0.5,66,0,0,-1,0,10
0,0,0,0,1,0,0,0.5,0.5,0,0,0,0,0,1,30,1,0,0,1,0,0,-1,1,2.57
0,0,-75,0,0,0,0,0.001436782,0.9985632183908046,0,0,0,0,1,1,27,1,0,0,577,0,0,-1,0,9.13
2,0,-87,0,0,0,0,0.1641791044776119,0.835820896,0,0,0,1,1,1,29,2,0,0,0,0,0,-1,0,5.15
0,0,-55,0,0,0.9439252336448598,0,0.7272727272727273,0.2727272727272727,0,0,0,0,1,1,5,1,0,0.5,235,0,0,-1,0,5.51
0,0,-85,0,0,0,0,0.2307692307692307,0.7692307692307693,0,0,0,1,1,0,30,1,0,0.5,65,0,0,-1,0,4.65
4,0,-73,0,0,0.5144404332129964,0,0.4,0.6,0,0,0,0,1,1,26,1,0,0,557,0,0,-1,0,5.57
0,0,-127,0,0,0,0,0.375,0.625,0,0,0,1,1,1,24,2,0,0,283,0,0,-1,0,5.32
0,0,-75,0,0,0,0,0.75,0.25,0,0,0,0,0,0,30,1,0,0,1,0,0,-1,0,5.14
0,0,-291,0,0,0,0,0.358974359,0.6410256410256411,0,0,0,0,1,1,30,1,0,0.5,7,0,0,-1,0,4.24
0,0,0,0,1,0,0,0.5,0.5,0,0,0,0,0,1,29,1,0,0,1,0,0,-1,1,2.75
1,0,-147,0,1,0,0,0,0,0,0,0,0,1,0,18,1,0,0,3,0,0,-1,0,10
0,0,-35,0,0,0.8611111111111112,0,0.8,0.2,0,0,0,0,0,0,30,1,0,0,33,0,0,-1,0,4.87
1,0,0,0,0,0,0,0.25,0.75,0,0,0,0,0,1,30,1,0,0.5,0,0,0,-1,1,1.82
0,0,-62,0,0,0.875,0,1,0,0,0,0,0,1,0,30,1,0,0,35,0,0,-1,0,3.39
0,0,-63,0,0,0,0,0.3636363636363636,0.6363636363636364,0,0,0,1,1,2,30,2,0,0.5,705,0,0,-1,0,5.56
2,0,0,0,0,0.1450617283950617,0,0.4523809523809524,0.5476190476190477,0,0,0,0,1,0,25,1,0,0,637,0,0,-1,0,5.78
1,0,-303,0,0,0,0,0.3,0.7,0,0,0,1,1,0,5,2,0,0,9,0,0,-1,0,5.01
1,0,0,0,1,0,0,0.3333333333333333,0.6666666666666666,0,0,0,0,0,1,30,1,0,0,0,0,0,-1,0,2.35
1,0,0,0,0,0,0,0.4230769230769231,0.5769230769230769,0,0,0,0,0,1,30,1,0,1,2,0,0,-1,1,1.23
1,0,-8,0,1,0,0,0.5789473684210527,0.4210526315789473,0,0,0,0,1,1,30,1,0,0,20,0,0,-1,0,10
0,0,-61,0,1,0,0,1,0,0,0,0,0,1,0,30,2,0,0,0,0,0,-1,0,4.91
5,0,-290,1,0,0.967741935,0,0.5714285714285714,0.4285714285714285,0,0,0,0,1,2,30,1,0,0.5,2,0,0,-1,0,4.9
0,0,0,0,1,0,0,0.5,0.5,0,0,0,0,0,1,30,1,0,0,1,0,0,-1,1,1.6
0,0,-75,0,0,0,0,0.016129032,0.9838709677419356,0,0,0,0,1,1,18,1,0,0,23,0,0,-1,0,9.13
0,0,0,0,1,0,0,0.5,0.5,0,0,0,0,0,1,30,1,0,0,1,0,0,-1,1,3.36
2,0,-81,0,0,0,0,0.5,0.5,0,0,0,1,1,1,30,2,0,0,0,0,0,-1,0,5.17
1,0,-41,0,0,0.5638297872340425,0,0.8,0.2,0,0,0,0,1,1,22,1,0,0,0,0,0,-1,0,6.21
1,0,-89,0,0,0,0,0.5,0.5,0,0,0,1,1,0,30,4,0,0,14,0,0,-1,0,4.91
0,0,-65,0,0,0,0,0.1818181818181818,0.8181818181818182,0,0,0,1,1,0,30,1,0,0,48,0,0,-1,0,3.5
0,0,-343,0,0,0.7068965517241379,0,0.5384615384615384,0.4615384615384615,0,0,0,0,1,1,30,4,0,0,64,0,0,-1,0,4.96
1,0,0,0,1,0,0,0.3333333333333333,0.6666666666666666,0,0,0,0,0,1,30,1,0,0,0,0,0,-1,0,3.59
0,0,-34,0,0,0,0,0.3333333333333333,0.6666666666666666,0,0,0,0,0,0,30,1,0,0,48,0,0,-1,0,4.98
1,0,-326,0,0,0,0,0.2972972972972973,0.7027027027027027,0,0,0,1,1,3,30,4,0,0,55,0,0,-1,0,5.14
3,0,-8,0,0,0,0,0.047619048,0.9523809523809524,0,0,0,0,1,1,30,1,0,0.5,66,0,0,-1,0,10
1,0,-78,0,0,0,0,1,0,0,0,0,0,1,0,30,2,0,0,0,0,0,-1,0,2.8
1,0,0,0,0,0,0,0.3157894736842105,0.6842105263157895,0,0,0,0,0,2,30,1,0,0,1,0,0,-1,1,2.04
4,0,0,0,0,0,0,0.5142857142857142,0.4857142857142857,0,0,0,1,1,2,20,1,0,0,22,0,0,-1,0,5.57
1,0,-65,0,0,0,0,0.2941176470588235,0.7058823529411765,0,0,0,1,1,5,26,4,0,0,61,0,0,-1,0,10
1,0,-88,0,0,0,0,0.2,0.8,0,0,0,0,1,1,30,4,0,0,0,0,0,-1,0,5.99
0,0,-271,0,0,0,0,0,1,0,0,0,0,1,10,28,1,0,0,375,0,0,-1,0,8.47
2,0,0,0,0,0.8333333333333334,0,0.2,0.8,0,0,0,0,1,1,11,4,0,0,16,0,0,-1,0,10
2,0,-8,0,0,0,0,0.047619048,0.9523809523809524,0,0,0,0,1,1,12,1,0,0.5,66,0,0,-1,0,10
0,0,-75,0,0,0,0,0.041666667,0.9583333333333334,0,0,0,0,1,1,30,1,0,0,17,0,0,-1,0,5.87
2,0,-60,0,0,0.4761904761904761,0,0.125,0.875,0,0,0,1,1,2,30,2,0,0.5,0,0,0,-1,0,2.59
0,0,-75,0,0,0,0,0.035714286,0.9642857142857144,0,0,0,0,1,1,29,1,0,0,15,0,0,-1,0,9.13
1,0,0,0,0,0,0,0.5,0.5,0,0,0,0,1,0,30,1,0,0,19,0,0,-1,1,
0,0,-75,0,0,0,0,0.066666667,0.9333333333333332,0,0,0,0,1,1,9,1,0,0,13,0,0,-1,0,9.13
1,0,-83,0,0,0,0,1,0,0,0,0,0,1,0,29,1,0,0,7,0,0,-1,0,
0,0,-180,0,0,0,0,0.6,0.4,0,0,0,1,1,2,30,1,0,0.5,90,0,0,-1,0,5.14
0,0,-75,0,0,0,0,0.058823529,0.9411764705882352,0,0,0,0,1,1,10,1,0,0,14,0,0,-1,0,9.13
3,0,-37,0,0,0.1829268292682926,0,0.6818181818181818,0.3181818181818182,0,0,0,0,1,1,30,1,0,0.5,0,0,0,-1,0,3.99
3,0,-158,0,0,0.5087719298245614,0,0.6363636363636364,0.3636363636363636,0,0,0,0,1,1,30,3,0,0,0,0,0,-1,0,5.57
1,0,-58,0,0,0,0,0.6458333333333334,0.3541666666666667,0,0,0,1,1,3,23,2,0,0,161,0,0,-1,0,5.81
1,0,-8,0,1,0,0,0.5333333333333333,0.4666666666666667,0,0,0,0,1,1,29,1,0,0,20,0,0,-1,0,10
0,0,-89,0,1,0,0,0.5,0.5,0,0,0,0,1,1,30,1,0,0,1,0,0,-1,0,5.2
0,0,-75,0,0,0,0,0.035714286,0.9642857142857144,0,0,0,0,1,1,2,1,0,0,25,0,0,-1,0,9.13
0,0,-169,0,0,0.2368421052631578,0,0.1791044776119403,0.8208955223880597,0,0,0,1,1,2,30,2,0,0,82,0,0,-1,0,3.9
0,0,0,0,1,0,0,0,0,0,0,0,0,1,0,29,1,0,0,1,0,0,-1,1,3.14
1,0,-65,0,0,0,0,0.4347826086956521,0.5652173913043478,0,0,0,1,1,5,10,4,0,0,54,0,0,-1,0,10
0,0,-67,0,0,0.072727273,0,0.5873015873015873,0.4126984126984127,0,0,0,0,0,0,30,1,0,0,397,0,0,-1,1,2.52
1,0,-84,0,0,0.045454545,0,0.6666666666666666,0.3333333333333333,0,0,0,0,1,0,24,2,0,0.5,93,0,0,-1,0,5.71
0,0,-209,0,0,0.3461538461538461,0,0,1,0,0,0,0,1,0,29,3,0,0.5,197,0,0,-1,0,5.66
1,0,-65,0,0,0,0,0.2325581395348837,0.7674418604651163,0,0,0,1,1,5,17,4,0,0,103,0,0,-1,0,10
3,0,-276,0,1,0,0,0.375,0.625,0,0,0,0,1,3,20,1,0,0,0,0,0,-1,0,4.67
1,0,-42,0,0,0.1666666666666666,0,0.3513513513513513,0.6486486486486487,0,0,0,1,0,0,29,1,0,0,90,0,0,-1,0,4.93
1,0,-243,0,0,0,0,0.6590909090909091,0.3409090909090909,0,0,0,0,1,4,14,3,0,0,70,0,0,-1,0,8
0,0,0,0,1,0,0,0.5,0.5,0,0,0,0,1,1,30,1,0,0,1,0,0,-1,1,3.19
5,0,-41,0,0,0,0,0.7222222222222222,0.2777777777777778,0,0,0,1,1,2,29,4,0,0.5,66,0,0,-1,0,5.48
2,0,-8,0,0,0,0,0.047619048,0.9523809523809524,0,0,0,0,1,1,4,1,0,0.5,66,0,0,-1,0,10
0,0,0,0,0,0,0,0.3846153846153846,0.6153846153846154,0,0,0,0,1,0,30,1,0,0,5,0,0,-1,1,2.45
1,0,-8,0,0,0,0,0.6666666666666666,0.3333333333333333,0,0,0,0,1,0,30,1,0,0,1,0,0,-1,0,4.97
1,0,-81,0,0,0,0,0.4411764705882353,0.5588235294117647,0,0,0,0,0,0,28,1,0,0,162,0,0,-1,0,3.24
2,0,0,0,0,0,0,0.3333333333333333,0.6666666666666666,0,0,0,1,1,2,30,1,0,1,0,0,0,-1,1,2.01
2,0,-46,0,1,0,0,0.05,0.95,0,0,0,1,1,6,23,1,0,0,25,0,0,-1,0,7.28
0,0,-65,0,0,0.9951923076923076,0,0.1428571428571428,0.8571428571428571,0,0,0,0,1,1,6,1,0,0,47,0,0,-1,0,2.91
2,0,-43,0,0,0,0,0.1136363636363636,0.8863636363636364,0,0,0,1,1,5,30,1,0,0.5,188,0,0,-1,0,5.81
0,0,-58,0,1,0,0,1,0,0,0,0,0,0,0,30,9,0,0,3,0,0,-1,0,4.98
1,0,0,0,1,0,0,0.3333333333333333,0.6666666666666666,0,0,0,0,0,1,15,1,0,0,0,0,0,-1,1,3.17
1,0,-294,0,0,0,0,0.3125,0.6875,0,0,0,1,1,2,30,2,0,0,58,0,0,-1,0,5.19
0,0,-68,0,0,0,0,0,1,0,0,0,0,0,0,30,1,0,0,4,0,0,-1,0,2.64
2,0,-80,0,0,0,0,0.1333333333333333,0.8666666666666667,0,0,0,1,1,2,14,1,0,0,0,0,0,-1,0,5.04
0,0,-75,0,0,0,0,0.066666667,0.9333333333333332,0,0,0,0,1,1,21,1,0,0,12,0,0,-1,0,9.13
0,0,-75,0,0,0,0,0.02173913,0.9782608695652174,0,0,0,0,1,1,10,1,0,0,13,0,0,-1,0,9.13
0,0,0,0,0,0,0,0,0,0,0,0,0,0,0,29,1,0,0,0,0,0,-1,1,2.9
1,0,0,0,1,0,0,1,0,0,0,0,0,0,0,29,1,0,0,6,0,0,-1,0,2.35
1,0,0,1,0,0,0,0.4,0.6,0,0,0,0,0,1,5,2,0,0.5,38,0,0,-1,0,5.66
0,0,0,0,1,0,0,0.5,0.5,0,0,0,0,0,1,29,1,0,0,1,0,0,-1,1,1.49
2,0,0,0,0,0,0,0.1785714285714285,0.8214285714285714,0,0,0,1,1,0,30,1,0,0,227,0,0,-1,1,3.17
1,0,-243,0,0,0,0,0.6808510638297872,0.3191489361702128,0,0,0,0,1,4,11,3,0,0,80,0,0,-1,0,8
1,0,-65,0,0,0,0,0.2325581395348837,0.7674418604651163,0,0,0,1,1,5,12,4,0,0,99,0,0,-1,0,10
1,0,-223,0,0,0,0,0.3684210526315789,0.631578947,0,0,0,1,1,3,30,4,0,0,53,0,0,-1,0,6.29
1,0,-288,0,0,0,0,0.3571428571428571,0.6428571428571429,0,0,0,1,1,1,12,1,0,0,0,0,0,-1,0,5.74
1,0,0,0,0,0,0,0.2916666666666667,0.7083333333333334,0,0,0,0,1,0,17,1,0,0,812,0,0,-1,0,7.55
1,0,0,0,1,0,0,1,0,0,0,0,0,0,0,30,1,0,0,0,0,0,-1,1,0
1,0,-186,0,0,0,0,0.71875,0.28125,0,0,0,0,1,0,30,4,0,0,23,0,0,-1,0,7.28
0,0,-127,0,0,0,0,0.375,0.625,0,0,0,1,1,1,11,2,0,0,567,0,0,-1,0,5.32
0,0,0,0,0,0,0,0,1,0,0,0,0,0,0,29,1,0,0.5,5,0,0,-1,1,1.75
2,0,-218,0,0,0.5851063829787234,0,0.5714285714285714,0.4285714285714285,0,0,0,1,1,2,28,1,0,0,39,0,0,-1,0,5.07
1,0,-288,0,0,0,0,0.3333333333333333,0.6666666666666666,0,0,0,1,1,1,30,4,0,0,65,0,0,-1,0,8.32
3,0,0,0,0,0.2452830188679245,0,0.1525423728813559,0.847457627,0,0,0,1,1,1,29,1,0,0,106,0,0,-1,0,5.3
1,0,-50,0,0,0,0,0.6,0.4,0,0,0,0,1,0,30,1,0,0,31,0,0,-1,0,3.44
4,0,-144,0,0,0.8444444444444444,0,0.1538461538461538,0.8461538461538461,0,0,0,1,1,8,29,4,0,0,0,0,0,-1,0,5.2
2,0,-277,0,0,0.071186441,0,0.5568181818181818,0.4431818181818182,0,0,0,1,1,1,30,2,0,0.5,54,0,0,-1,0,5.77
0,0,-65,0,0,0,0,0.4117647058823529,0.5882352941176471,0,0,0,1,1,0,30,1,0,0.5,229,0,0,-1,0,5.04
1,0,-65,0,0,0,0,0.2325581395348837,0.7674418604651163,0,0,0,1,1,5,8,4,0,0,100,0,0,-1,0,10
0,0,-51,0,1,0,0,0.5,0.5,0,0,0,0,0,1,26,1,0,0,1,0,0,-1,1,2.28
1,0,-34,0,0,0,0,0.1333333333333333,0.8666666666666667,0,0,0,1,1,2,30,4,0,0,328,0,0,-1,0,5.87
3,0,-55,0,0,0,0,0.5,0.5,0,0,0,1,1,3,30,1,0,0,73,0,0,-1,0,5.85
2,0,-88,0,0,0,0,0.1136363636363636,0.8863636363636364,0,0,0,0,1,1,21,4,0,0,0,0,0,-1,0,5.53
3,0,-207,0,0,0,0,0.7894736842105263,0.2105263157894736,0,0,0,1,1,1,29,4,0,0,105,0,0,-1,0,6.31
0,0,-75,0,0,0,0,0.066666667,0.9333333333333332,0,0,0,0,1,1,21,1,0,0,12,0,0,-1,0,9.13
0,0,-36,0,1,0,0,0,0,0,0,0,1,1,0,9,2,0,0,0,0,0,-1,0,5.33
1,0,-303,0,0,0,0,0.3,0.7,0,0,0,1,1,0,30,2,0,0,9,0,0,-1,0,5.01
2,0,-8,0,0,0,0,0.047619048,0.9523809523809524,0,0,0,0,1,1,25,1,0,0.5,66,0,0,-1,0,10
4,0,0,0,0,0.038461538,0,0.48,0.52,0,0,0,0,0,2,12,2,0,0,0,0,0,-1,1,3.11
0,0,-75,0,0,0,0,0.055555556,0.9444444444444444,0,0,0,0,1,1,7,1,0,0,15,0,0,-1,0,9.13
3,0,-61,0,0,0.12,0,0.2647058823529412,0.7352941176470589,0,0,0,0,1,0,30,3,0,0,69,0,0,-1,0,5.37
2,0,-223,0,1,0,0,0,0,0,0,0,0,1,0,30,4,0,0,0,0,0,-1,0,5.02
0,0,-60,0,0,0.875,0,1,0,0,0,0,0,1,0,29,1,0,0,33,0,0,-1,0,3.8
2,0,-61,0,0,0.01242236,0,0.2692307692307692,0.7307692307692307,0,0,0,0,1,0,21,3,0,0,28,0,0,-1,0,5.37
1,0,-303,0,0,0,0,0.3,0.7,0,0,0,1,1,0,30,2,0,0,9,0,0,-1,0,5.01
0,0,-81,0,1,0,0,0.5,0.5,0,0,0,0,0,1,29,1,0,0,1,0,0,-1,0,2.85
1,0,-243,0,0,0,0,0.6739130434782609,0.3260869565217391,0,0,0,0,1,4,1,3,0,0,76,0,0,-1,0,8
0,0,-197,0,0,0.75,0,0,0,0,0,0,0,1,0,30,1,0,0,5,0,0,-1,0,5.12
2,0,-62,0,1,0,0,0.1818181818181818,0.8181818181818182,0,0,0,0,1,0,30,1,0,0,0,0,0,-1,0,5.89
1,0,0,0,1,0,0,0.5,0.5,0,0,0,0,1,1,29,1,0,0,0,0,0,-1,1,2.3
2,0,0,0,0,0.4193548387096774,0,0.35,0.65,0,0,0,0,1,2,28,2,0,0,7,0,0,-1,1,3.16
3,0,-59,0,0,0,0,0.5526315789473685,0.4473684210526316,0,0,0,0,1,6,30,1,0,0,40,0,0,-1,0,5.04
1,0,0,0,0,0.1142857142857142,0,0.4482758620689655,0.5517241379310345,0,0,0,0,0,0,30,1,0,0,116,0,0,-1,1,2.74
0,0,-75,0,0,0,0,0.071428571,0.9285714285714286,0,0,0,0,1,1,30,1,0,0,19,0,0,-1,0,5.51
2,0,-309,0,0,0,0,0.8627450980392157,0.1372549019607843,0,0,0,0,1,0,30,3,0,0,4,0,0,-1,0,5.31
2,0,-8,0,0,0,0,0.047619048,0.9523809523809524,0,0,0,0,1,1,14,1,0,0.5,28,0,0,-1,0,6.92
0,0,-216,0,1,0,0,0.6666666666666666,0.3333333333333333,0,0,0,0,0,1,30,1,0,0,6,0,0,-1,0,4.99
1,0,-63,0,0,0.2916666666666667,0.083333333,0.3333333333333333,0.5833333333333334,0,0,0,0,1,0,28,4,0,0.5,11,0,0,-1,0,4.08
3,0,0,0,0,0,0,0.4210526315789473,0.5789473684210527,0,0,0,0,1,0,23,1,0,0.5,33,0,0,-1,1,3.77
1,0,-147,0,1,0,0,0,0,0,0,0,0,1,0,16,1,0,0,3,0,0,-1,0,10
2,0,0,0,0,0,0,0.3970588235294117,0.6029411764705882,0,0,0,1,0,2,30,1,0,0,0,0,0,-1,1,2.92
1,0,-145,0,1,0,0,0,0,0,0,0,0,1,0,1,2,0,0,0,0,0,-1,0,6.25
2,0,-157,0,0,0,0,0.5,0.5,0,0,0,1,1,1,11,2,0,0,54,0,0,-1,0,5.03
1,0,-46,0,0,0,0,0.1538461538461538,0.8461538461538461,0,0,0,0,1,2,30,1,0,0.5,18,0,0,-1,0,6.53
2,0,0,0,0,0,0,0.1875,0.8125,0,0,0,0,1,0,30,1,0,0,140,0,0,-1,1,1.6
2,0,-234,0,0,0.076923077,0,0.1923076923076923,0.8076923076923077,0,0,0,1,1,3,28,1,0,0,0,0,0,-1,0,6.12
0,0,-75,0,0,0,0,0.0625,0.9375,0,0,0,0,1,1,5,1,0,0,8,0,0,-1,0,7.42
0,0,-145,0,1,0,0,0,0,0,0,0,0,1,0,29,2,0,0,0,0,0,-1,0,6.25
1,0,-36,0,0,0,0,0.6086956521739131,0.391304348,0,0,0,1,1,1,28,2,0,0,135,0,0,-1,0,4.01
0,0,-88,0,1,0,0,0.6,0.4,0,0,0,0,1,1,30,2,0,0,1,0,0,-1,0,3.01
0,0,-75,0,0,0,0,0.025641026,0.9743589743589745,0,0,0,0,1,1,19,1,0,0,32,0,0,-1,0,9.13
1,0,-84,0,0,0.1792452830188679,0,0.1666666666666666,0.8333333333333334,0,0,0,0,0,0,29,1,0,0,130,0,0,-1,0,2.92
0,0,-127,0,0,0,0,0.375,0.625,0,0,0,1,1,1,17,2,0,0,336,0,0,-1,0,5.32
1,0,-59,0,0,0,0,0,1,0,0,0,0,1,3,29,1,0,0,0,0,0,-1,0,5.46
0,0,-202,0,0,0,0,0.6,0.4,0,0,0,0,1,0,30,2,0,0,3,0,0,-1,0,5.01
1,0,-297,0,0,0.05625,0,0.625,0.375,0,0,0,1,1,0,30,2,0,0,18,0,0,-1,0,5.36
1,0,-31,0,0,0,0,0.40625,0.59375,0,0,0,0,0,0,29,1,0,0,217,0,0,-1,0,4.25
0,0,0,0,1,0,0,0,0,0,0,0,0,0,0,30,1,0,0,0,0,0,-1,0,3.41
2,0,0,0,0,0,0,0.2352941176470588,0.7647058823529411,0,0,0,1,1,0,30,4,0,0,9,0,0,-1,0,5.94
1,0,-65,0,0,0,0,0.2325581395348837,0.7674418604651163,0,0,0,1,1,5,23,4,0,0,100,0,0,-1,0,10
0,0,-164,0,1,0,0,0.5,0.5,0,0,0,0,1,1,30,1,0,0,1,0,0,-1,0,3.87
1,0,-8,0,1,0,0,0.5789473684210527,0.4210526315789473,0,0,0,0,1,1,30,1,0,0,20,0,0,-1,0,10
2,0,-62,0,1,0,0,0.1818181818181818,0.8181818181818182,0,0,0,0,1,0,30,1,0,0,0,0,0,-1,0,5.3
1,0,-147,0,1,0,0,0,0,0,0,0,0,1,0,28,1,0,0,3,0,0,-1,0,10
0,0,-75,0,0,0,0,0.066666667,0.9333333333333332,0,0,0,0,1,1,19,1,0,0,9,0,0,-1,0,9.13
0,0,-75,0,0,0,0,0.025641026,0.9743589743589745,0,0,0,0,1,1,7,1,0,0,20,0,0,-1,0,9.13
0,0,-81,0,0,0.981520591,0,0.5,0.5,0,0,0,0,0,0,30,1,0,0,80,0,0,-1,0,5.04
1,0,-79,0,0,0,0,0.7058823529411765,0.2941176470588235,0,0,0,0,1,1,30,4,0,0,9,0,0,-1,0,4.06
1,0,0,0,0,0.2241379310344827,0,0.4117647058823529,0.5882352941176471,0,0,0,0,1,0,30,1,0,0,93,0,0,-1,1,2.75
0,0,-74,0,0,0.1324503311258278,0,0.4827586206896552,0.5172413793103449,0,0,0,0,1,1,30,2,0,0,77,0,0,-1,0,8.84
1,0,-196,0,0,0,0,0.2307692307692307,0.7692307692307693,0,0,0,1,1,1,30,4,0,0,0,0,0,-1,0,6.86
2,0,0,0,0,0.9637681159420288,0,0.3513513513513513,0.6486486486486487,0,0,0,0,0,2,30,1,0,0.5,238,0,0,-1,1,2.82
1,0,0,0,1,0,0,0.5,0.5,0,0,0,0,0,0,29,1,0,0,0,0,0,-1,0,3.59
0,0,-238,0,0,0.3177570093457944,0,0.2857142857142857,0.7142857142857143,0,0,0,1,0,1,28,1,0,0.5,124,0,0,-1,0,
2,0,0,0,0,0.2573099415204678,0,0.4705882352941176,0.5294117647058824,0,0,0,1,0,1,26,1,0,0.5,233,0,0,-1,0,5.76
0,0,0,0,1,0,0,0.5,0.5,0,0,0,0,1,1,30,1,0,0,1,0,0,-1,1,3.67
0,0,-65,0,0,0.358695652,0,0.2857142857142857,0.7142857142857143,0,0,0,1,1,0,30,1,0,0,79,0,0,-1,0,2.75
0,0,0,0,1,0,0,0.5,0.5,0,0,0,0,1,1,30,1,0,0,1,0,0,-1,1,0
0,0,-83,0,1,0,0,0.5,0.5,0,0,0,0,1,1,29,1,0,0,1,0,0,-1,0,4
0,0,-303,0,0,0,0,0.4736842105263157,0.5263157894736842,0,0,0,0,1,0,30,1,0,0,146,0,0,-1,0,3.85
2,0,-266,0,0,0,0,0.5925925925925926,0.4074074074074074,0,0,0,0,1,1,10,1,0,0,101,0,0,-1,0,6.37
1,0,-33,0,0,0,0,0.071428571,0.9285714285714286,0,0,0,1,1,0,30,1,0,0,61,0,0,-1,0,5.74
2,0,-81,0,0,0,0,0.5,0.5,0,0,0,1,1,1,30,2,0,0,0,0,0,-1,0,5.17
1,0,-65,0,0,0,0,0.2325581395348837,0.7674418604651163,0,0,0,1,1,5,9,4,0,0,182,0,0,-1,0,10
0,0,-167,0,0,0,0,0.2156862745098039,0.7843137254901961,0,0,0,1,1,1,30,1,0,0,17,0,0,-1,0,2.92
1,0,-56,0,0,0,0,0.5789473684210527,0.4210526315789473,0,0,0,0,1,0,30,1,0,0,38,0,0,-1,0,4.88
1,0,-243,0,0,0,0,0.6875,0.3125,0,0,0,0,1,4,12,3,0,0,84,0,0,-1,0,8
2,0,-81,0,0,0,0,0.5333333333333333,0.4666666666666667,0,0,0,1,1,1,29,2,0,0,0,0,0,-1,0,5.16
1,0,0,0,0,0.073170732,0,0.4464285714285714,0.5535714285714286,0,0,0,0,1,0,28,1,0,0.5,84,0,0,-1,1,2.77
2,0,-147,0,1,0,0,0,0,0,0,0,0,1,0,29,1,0,0,3,0,0,-1,0,10
1,0,-65,0,0,0,0,0.2325581395348837,0.7674418604651163,0,0,0,1,1,5,12,4,0,0,102,0,0,-1,0,10
0,0,-329,0,0,0,0,0.4,0.6,0,0,0,0,1,0,29,1,0,0,13,0,0,-1,0,5.11
0,0,-75,0,0,0,0,0.0625,0.9375,0,0,0,0,1,1,30,1,0,0,11,0,0,-1,0,9.13
0,0,-84,0,0,0,0,0.2,0.8,0,0,0,0,0,0,30,1,0,0,1,0,0,-1,0,5.27
1,0,-12,0,0,0,0,0.6129032258064516,0.3870967741935484,0,0,0,0,1,0,6,3,0,0,6,0,0,-1,0,4.61
1,0,-88,0,0,0,0,0.1818181818181818,0.8181818181818182,0,0,0,1,1,1,28,1,0,0,0,0,0,-1,0,5.28
1,0,-38,0,0,0.6829268292682927,0,0,0,0,0,0,0,0,0,30,1,0,0,2,0,0,-1,0,3.33
0,0,-75,0,0,0,0,0.008130081,0.991869919,0,0,0,0,1,1,28,1,0,0,104,0,0,-1,0,9.13
1,0,-47,0,0,0.00591716,0,0.2,0.8,0,0,0,0,0,1,30,1,0,0,255,0,0,-1,0,4.93
0,0,-75,0,0,0,0,0.016949153,0.9830508474576272,0,0,0,0,1,1,16,1,0,0,52,0,0,-1,0,9.13
1,0,-65,0,0,0,0,0.2325581395348837,0.7674418604651163,0,0,0,1,1,5,23,4,0,0,97,0,0,-1,0,10
0,0,-75,0,0,0,0,0.0625,0.9375,0,0,0,0,1,1,12,1,0,0,14,0,0,-1,0,9.13
0,0,0,0,0,0,0,0.8,0.2,0,0,0,0,1,1,30,1,0,0,0,0,0,-1,1,
2,0,0,0,0,0,0,1,0,0,0,0,0,1,0,30,2,0,0,0,0,0,-1,1,2.76
0,0,-65,0,0,0,0,0.25,0.75,0,0,0,1,1,0,30,1,0,0,152,0,0,-1,0,4.88
1,0,-65,0,0,0,0,0.2325581395348837,0.7674418604651163,0,0,0,1,1,5,14,4,0,0,97,0,0,-1,0,10
2,0,0,0,0,0.095238095,0,0.3529411764705882,0.6470588235294118,0,0,0,1,1,1,20,3,0,0,7,0,0,-1,1,1.62
3,0,0,0,0,0.1533742331288343,0,0.055555556,0.9444444444444444,0,0,0,0,1,2,27,1,0,0,329,0,0,-1,1,3.14
2,0,-160,0,0,0,0,0.4117647058823529,0.5882352941176471,0,0,0,1,1,0,30,2,0,0.5,77,0,0,-1,0,6.73
1,0,0,0,0,0,0,0.5416666666666666,0.4583333333333333,0,0,0,0,0,2,20,1,0,0.5,0,0,0,-1,1,2.55
0,0,0,0,1,0,0,0.5,0.5,0,0,0,0,0,1,30,1,0,0,1,0,0,-1,1,2.57
1,0,-152,0,0,0,0,0,1,0,0,0,0,1,0,23,3,0,0,10,0,0,-1,0,8.68
4,0,0,0,0,0,0,0.5142857142857142,0.4857142857142857,0,0,0,1,1,2,20,1,0,0,31,0,0,-1,0,5.57
0,0,0,0,1,0,0,0.4285714285714285,0.5714285714285714,0,0,0,0,0,1,29,1,0,0,1,0,0,-1,1,
1,0,0,1,0,0,0,0.3934426229508196,0.6065573770491803,0,0,0,0,0,1,28,2,0,0.5,38,0,0,-1,0,5.66
0,0,0,0,1,0,0,0.4285714285714285,0.5714285714285714,0,0,0,0,0,1,29,1,0,0,1,0,0,-1,1,
0,0,-240,0,0,0.084210526,0,0.4666666666666667,0.5333333333333333,0,0,0,0,1,0,30,3,0,0,168,0,0,-1,0,7.42
0,0,-56,0,0,0.029411765,0,0.8,0.2,0,0,0,1,0,0,30,1,0,0.5,105,0,0,-1,1,1.87
